-- phpMyAdmin SQL Dump
-- version 4.1.14
-- http://www.phpmyadmin.net
--
-- Host: 127.0.0.1
-- Generation Time: Aug 29, 2017 at 06:16 PM
-- Server version: 5.6.17
-- PHP Version: 5.5.12

SET SQL_MODE = "NO_AUTO_VALUE_ON_ZERO";
SET time_zone = "+00:00";


/*!40101 SET @OLD_CHARACTER_SET_CLIENT=@@CHARACTER_SET_CLIENT */;
/*!40101 SET @OLD_CHARACTER_SET_RESULTS=@@CHARACTER_SET_RESULTS */;
/*!40101 SET @OLD_COLLATION_CONNECTION=@@COLLATION_CONNECTION */;
/*!40101 SET NAMES utf8 */;

--
-- Database: `picabref`
--

-- --------------------------------------------------------

--
-- Table structure for table `administrator`
--

CREATE TABLE IF NOT EXISTS `administrator` (
  `administratorid` int(11) NOT NULL,
  `administratorname` varchar(45) DEFAULT NULL,
  `administratorappid` varchar(45) DEFAULT NULL,
  `administratorapppw` varchar(45) DEFAULT NULL,
  `administratorrole` int(11) DEFAULT NULL,
  `createddate` datetime DEFAULT CURRENT_TIMESTAMP,
  `updatedate` datetime DEFAULT NULL,
  PRIMARY KEY (`administratorid`)
) ENGINE=InnoDB DEFAULT CHARSET=utf8;

-- --------------------------------------------------------

--
-- Table structure for table `administrator_has_prosecution`
--

CREATE TABLE IF NOT EXISTS `administrator_has_prosecution` (
  `administratorid` int(11) NOT NULL,
  `prosecutionid` int(11) NOT NULL,
  PRIMARY KEY (`administratorid`,`prosecutionid`),
  KEY `fk_administrator_has_prosecution_prosecution1_idx` (`prosecutionid`),
  KEY `fk_administrator_has_prosecution_administrator1_idx` (`administratorid`)
) ENGINE=InnoDB DEFAULT CHARSET=utf8;

-- --------------------------------------------------------

--
-- Table structure for table `category`
--

CREATE TABLE IF NOT EXISTS `category` (
  `categoryid` int(11) NOT NULL,
  `categoryname` varchar(45) DEFAULT NULL,
  `createddate` datetime DEFAULT CURRENT_TIMESTAMP,
  `updatedate` datetime DEFAULT NULL,
  PRIMARY KEY (`categoryid`)
) ENGINE=InnoDB DEFAULT CHARSET=utf8;

--
-- Dumping data for table `category`
--

INSERT INTO `category` (`categoryid`, `categoryname`, `createddate`, `updatedate`) VALUES
(1, 'Case', '2017-08-29 12:11:22', NULL),
(2, 'Monitor', '2017-08-29 12:11:22', NULL),
(3, 'Printer', '2017-08-29 12:11:22', NULL),
(4, 'Scanner', '2017-08-29 12:11:22', NULL),
(5, 'UPS', '2017-08-29 12:11:22', NULL);

-- --------------------------------------------------------

--
-- Table structure for table `hardware`
--

CREATE TABLE IF NOT EXISTS `hardware` (
  `hardwareid` int(11) NOT NULL,
  `hardwarename` varchar(45) DEFAULT NULL,
  `hardwaresn` varchar(45) DEFAULT NULL,
  `hardwareip` varchar(45) DEFAULT NULL,
  `createddate` datetime DEFAULT CURRENT_TIMESTAMP,
  `updatedate` datetime DEFAULT NULL,
  `categoryid` int(11) NOT NULL,
  `prosecutionid` int(11) NOT NULL,
  PRIMARY KEY (`hardwareid`,`categoryid`,`prosecutionid`),
  KEY `fk_hardware_category1_idx` (`categoryid`),
  KEY `fk_hardware_prosecution1_idx` (`prosecutionid`)
) ENGINE=InnoDB DEFAULT CHARSET=utf8;

--
-- Dumping data for table `hardware`
--

INSERT INTO `hardware` (`hardwareid`, `hardwarename`, `hardwaresn`, `hardwareip`, `createddate`, `updatedate`, `categoryid`, `prosecutionid`) VALUES
(1, '', 'ZDF9BJCF60002JY', '', '2017-08-29 16:56:53', '0000-00-00 00:00:00', 3, 5),
(2, '', 'ZDF9BJAF30000CZ', '', '2017-08-29 16:56:53', '0000-00-00 00:00:00', 3, 5),
(3, '', 'Z5R9BAGC200384H', '', '2017-08-29 16:56:53', '0000-00-00 00:00:00', 3, 1),
(4, 'Fujitsu', 'YV3J119268', '', '2017-08-29 16:56:53', '0000-00-00 00:00:00', 2, 4),
(5, 'Fujitsu', 'YV3J113660', '', '2017-08-29 16:56:53', '0000-00-00 00:00:00', 2, 5),
(6, 'Fujitsu', 'YV3J113166', '', '2017-08-29 16:56:53', '0000-00-00 00:00:00', 2, 4),
(7, 'Fujitsu', 'YV3J112721', '', '2017-08-29 16:56:53', '0000-00-00 00:00:00', 2, 4),
(8, 'Fujitsu', 'YLAJ005986', '11', '2017-08-29 16:56:53', '0000-00-00 00:00:00', 1, 5),
(9, 'Fujitsu', 'YLAJ005079', '', '2017-08-29 16:56:53', '0000-00-00 00:00:00', 1, 6),
(10, 'Fujitsu', 'YLAAJ005988', '11', '2017-08-29 16:56:53', '0000-00-00 00:00:00', 1, 4),
(11, 'Fujitsu', 'YALJ006856', '', '2017-08-29 16:56:53', '0000-00-00 00:00:00', 1, 5),
(12, 'Fujitsu', 'YALJ006347', '', '2017-08-29 16:56:53', '0000-00-00 00:00:00', 1, 5),
(13, 'Fujitsu', 'YALJ006153', '', '2017-08-29 16:56:53', '0000-00-00 00:00:00', 1, 5),
(14, 'Fujitsu', 'YALJ005976', '', '2017-08-29 16:56:53', '0000-00-00 00:00:00', 1, 5),
(15, 'Fujitsu', 'YALJ004816', '', '2017-08-29 16:56:53', '0000-00-00 00:00:00', 1, 5),
(16, 'HP', 'TRF2060KP4', '', '2017-08-29 16:56:53', '0000-00-00 00:00:00', 1, 4),
(17, 'HP', 'TRF2060KML', '', '2017-08-29 16:56:53', '0000-00-00 00:00:00', 1, 6),
(18, 'HP', 'TRF2060KMJ', '16', '2017-08-29 16:56:53', '0000-00-00 00:00:00', 1, 5),
(19, 'HP', 'TRF2060KLN', '', '2017-08-29 16:56:53', '0000-00-00 00:00:00', 1, 4),
(20, 'HP', 'TRF2060KL0', '', '2017-08-29 16:56:53', '0000-00-00 00:00:00', 1, 6),
(21, 'HP', 'TRF2060KKG', '', '2017-08-29 16:56:53', '0000-00-00 00:00:00', 1, 6),
(22, 'HP', 'TRF2060KHY', '', '2017-08-29 16:56:53', '0000-00-00 00:00:00', 1, 4),
(23, 'HP', 'TRF2060KGL', '', '2017-08-29 16:56:53', '0000-00-00 00:00:00', 1, 6),
(24, 'HP', 'TRF2060KF2', '', '2017-08-29 16:56:53', '0000-00-00 00:00:00', 1, 5),
(25, 'HP', 'TRF2060KD5', '10', '2017-08-29 16:56:53', '0000-00-00 00:00:00', 1, 4),
(26, 'HP', 'TRF2060G9Y', '17', '2017-08-29 16:56:53', '0000-00-00 00:00:00', 1, 4),
(27, 'HP', 'TRF2060G9X', '', '2017-08-29 16:56:53', '0000-00-00 00:00:00', 1, 4),
(28, 'HP', 'TRF2060G9W', '', '2017-08-29 16:56:53', '0000-00-00 00:00:00', 1, 6),
(29, 'HP', 'TRF2060G9F', '', '2017-08-29 16:56:53', '0000-00-00 00:00:00', 1, 4),
(30, 'HP', 'TRF2060G98', '', '2017-08-29 16:56:53', '0000-00-00 00:00:00', 1, 4),
(31, 'HP', 'TRF2060G97', '15', '2017-08-29 16:56:53', '0000-00-00 00:00:00', 1, 5),
(32, 'HP', 'TRF2060G84', '', '2017-08-29 16:56:53', '0000-00-00 00:00:00', 1, 5),
(33, 'HP', 'TRF2060G7V', '', '2017-08-29 16:56:53', '0000-00-00 00:00:00', 1, 4),
(34, 'HP', 'TRF2060G7L', '19', '2017-08-29 16:56:53', '0000-00-00 00:00:00', 1, 4),
(35, 'HP', 'TRF2060G72', '', '2017-08-29 16:56:53', '0000-00-00 00:00:00', 1, 5),
(36, 'HP', 'TRF2060G6V', '15', '2017-08-29 16:56:53', '0000-00-00 00:00:00', 1, 4),
(37, 'HP', 'TRF2060G4Y', '', '2017-08-29 16:56:53', '0000-00-00 00:00:00', 1, 6),
(38, 'HP', 'TRF2060G4V', '', '2017-08-29 16:56:53', '0000-00-00 00:00:00', 1, 6),
(39, 'HP', 'TRF2060G4M', '', '2017-08-29 16:56:53', '0000-00-00 00:00:00', 1, 5),
(40, 'HP', 'TRF2060FTV', '18', '2017-08-29 16:56:53', '0000-00-00 00:00:00', 1, 4),
(41, 'HP', 'TRF2060FTP', '', '2017-08-29 16:56:53', '0000-00-00 00:00:00', 1, 4),
(42, 'HP', 'TRF2060FRZ', '', '2017-08-29 16:56:53', '0000-00-00 00:00:00', 1, 6),
(43, 'HP', 'TRF2060FQK', '', '2017-08-29 16:56:53', '0000-00-00 00:00:00', 1, 6),
(44, 'HP', 'TRF2060FQ8', '', '2017-08-29 16:56:53', '0000-00-00 00:00:00', 1, 6),
(45, 'HP', 'TRF2060FPG', '14', '2017-08-29 16:56:53', '0000-00-00 00:00:00', 1, 5),
(46, 'HP', 'TRF2060FNL', '', '2017-08-29 16:56:53', '0000-00-00 00:00:00', 1, 4),
(47, 'HP', 'TRF2060FMP', '', '2017-08-29 16:56:53', '0000-00-00 00:00:00', 1, 4),
(48, 'HP', 'TRF2060FLL', '', '2017-08-29 16:56:53', '0000-00-00 00:00:00', 1, 4),
(49, 'HP', 'TRF2060FLB', '', '2017-08-29 16:56:53', '0000-00-00 00:00:00', 1, 6),
(50, 'HP', 'TRF2060FL0', '', '2017-08-29 16:56:53', '0000-00-00 00:00:00', 1, 4),
(51, 'HP', 'TRF2060FKS', '12', '2017-08-29 16:56:53', '0000-00-00 00:00:00', 1, 4),
(52, 'HP', 'TRF2060FK0', '', '2017-08-29 16:56:53', '0000-00-00 00:00:00', 1, 6),
(53, 'HP', 'TRF2060FHD', '', '2017-08-29 16:56:53', '0000-00-00 00:00:00', 1, 5),
(54, 'HP', 'TRF2060FDZ', '', '2017-08-29 16:56:53', '0000-00-00 00:00:00', 1, 4),
(55, 'HP', 'TRF2060FCC', '', '2017-08-29 16:56:53', '0000-00-00 00:00:00', 1, 4),
(56, 'HP', 'TRF2060FC8', '', '2017-08-29 16:56:53', '0000-00-00 00:00:00', 1, 4),
(57, 'HP', 'TRF2060FB2', '', '2017-08-29 16:56:53', '0000-00-00 00:00:00', 1, 4),
(58, 'HP', 'TRF2060F9W', '', '2017-08-29 16:56:53', '0000-00-00 00:00:00', 1, 4),
(59, 'HP', 'TRF2060F9C', '', '2017-08-29 16:56:53', '0000-00-00 00:00:00', 1, 4),
(60, 'HP', 'TRF2060F8Z', '', '2017-08-29 16:56:53', '0000-00-00 00:00:00', 1, 6),
(61, 'HP', 'TRF2060F7M', '14', '2017-08-29 16:56:53', '0000-00-00 00:00:00', 1, 4),
(62, 'HP', 'TRF2060F7C', '', '2017-08-29 16:56:53', '0000-00-00 00:00:00', 1, 5),
(63, 'Ricoh', 'T57H304699', '', '2017-08-29 16:56:53', '0000-00-00 00:00:00', 3, 9),
(64, 'Ricoh', 'T576H30582', '10.31.56.156', '2017-08-29 16:56:53', '0000-00-00 00:00:00', 3, 7),
(65, 'Ricoh', 'T576H305604', '', '2017-08-29 16:56:53', '0000-00-00 00:00:00', 3, 1),
(66, 'Ricoh', 'T576H305601', '10.40.30.161', '2017-08-29 16:56:53', '0000-00-00 00:00:00', 3, 15),
(67, 'Ricoh', 'T576H305601', '10.40.30.161', '2017-08-29 16:56:53', '0000-00-00 00:00:00', 3, 15),
(68, 'Ricoh', 'T576H305597', '10.31.55.161', '2017-08-29 16:56:53', '0000-00-00 00:00:00', 3, 8),
(69, 'Ricoh', 'T576H305594', '', '2017-08-29 16:56:53', '0000-00-00 00:00:00', 3, 6),
(70, 'Ricoh', 'T576H305589', '10.40.42.57', '2017-08-29 16:56:53', '0000-00-00 00:00:00', 3, 13),
(71, 'Ricoh', 'T576H305584', '', '2017-08-29 16:56:53', '0000-00-00 00:00:00', 3, 6),
(72, 'Ricoh', 'T576H305574', '10.40.20.151', '2017-08-29 16:56:53', '0000-00-00 00:00:00', 3, 19),
(73, 'Ricoh', 'T576H305565', '', '2017-08-29 16:56:53', '0000-00-00 00:00:00', 3, 2),
(74, 'Ricoh', 'T576H305555', '10.40.30.150', '2017-08-29 16:56:53', '0000-00-00 00:00:00', 3, 15),
(75, 'Ricoh', 'T576H305533', '10.40.30.250', '2017-08-29 16:56:53', '0000-00-00 00:00:00', 3, 16),
(76, 'Ricoh', 'T576H305526', '10.40.42.60', '2017-08-29 16:56:53', '0000-00-00 00:00:00', 3, 13),
(77, 'Ricoh', 'T576H305525', '10.40.40.55', '2017-08-29 16:56:53', '0000-00-00 00:00:00', 3, 12),
(78, 'Ricoh', 'T576H305524', '', '2017-08-29 16:56:53', '0000-00-00 00:00:00', 3, 1),
(79, 'Ricoh', 'T576H305509', '10.40.40.59', '2017-08-29 16:56:53', '0000-00-00 00:00:00', 3, 12),
(80, 'Ricoh', 'T576H305506', '10.40.42.56', '2017-08-29 16:56:53', '0000-00-00 00:00:00', 3, 13),
(81, 'Ricoh', 'T576H305505', '', '2017-08-29 16:56:53', '0000-00-00 00:00:00', 3, 9),
(82, 'Ricoh', 'T576H305499', '10.31.56.155', '2017-08-29 16:56:53', '0000-00-00 00:00:00', 3, 7),
(83, 'Ricoh', 'T576H305382', '10.40.30.157', '2017-08-29 16:56:53', '0000-00-00 00:00:00', 3, 17),
(84, 'Ricoh', 'T576H305158', '10.40.40.61', '2017-08-29 16:56:53', '0000-00-00 00:00:00', 3, 12),
(85, 'Ricoh', 'T576H305153', '10.40.30.246', '2017-08-29 16:56:53', '0000-00-00 00:00:00', 3, 17),
(86, 'Ricoh', 'T576H305149', '10.40.40.58', '2017-08-29 16:56:53', '0000-00-00 00:00:00', 3, 12),
(87, 'Ricoh', 'T576H305147', '10.40.32.159', '2017-08-29 16:56:53', '0000-00-00 00:00:00', 3, 17),
(88, 'Ricoh', 'T576H305147', '10.40.32.159', '2017-08-29 16:56:53', '0000-00-00 00:00:00', 3, 17),
(89, 'Ricoh', 'T576H305147', '10.40.32.159', '2017-08-29 16:56:53', '0000-00-00 00:00:00', 3, 17),
(90, 'Ricoh', 'T576H305145', '10.40.40.60', '2017-08-29 16:56:53', '0000-00-00 00:00:00', 3, 12),
(91, 'Ricoh', 'T576H305144', '', '2017-08-29 16:56:53', '0000-00-00 00:00:00', 3, 2),
(92, 'Ricoh', 'T576H304927', '165', '2017-08-29 16:56:53', '0000-00-00 00:00:00', 3, 4),
(93, 'Ricoh', 'T576H304771', '10.40.41.56', '2017-08-29 16:56:53', '0000-00-00 00:00:00', 3, 14),
(94, 'Ricoh', 'T576H304726', '10.31.56.158', '2017-08-29 16:56:53', '0000-00-00 00:00:00', 3, 7),
(95, 'Ricoh', 'T576H304715', '10.31.53.161', '2017-08-29 16:56:53', '0000-00-00 00:00:00', 3, 10),
(96, 'Ricoh', 'T576H3046818', '10.40.41.58', '2017-08-29 16:56:53', '0000-00-00 00:00:00', 3, 14),
(97, 'Ricoh', 'T576H304665', '10.40.41.59', '2017-08-29 16:56:53', '0000-00-00 00:00:00', 3, 14),
(98, 'Ricoh', 'T576H304664', '', '2017-08-29 16:56:53', '0000-00-00 00:00:00', 3, 2),
(99, 'Ricoh', 'T576h304662', '10.31.53.172', '2017-08-29 16:56:53', '0000-00-00 00:00:00', 3, 10),
(100, 'Ricoh', 'T576H304652', '10.40.42.58', '2017-08-29 16:56:53', '0000-00-00 00:00:00', 3, 13),
(101, 'Ricoh', 'T576H304630', '10.40.40.63', '2017-08-29 16:56:53', '0000-00-00 00:00:00', 3, 12),
(102, 'Ricoh', 'T576H304629', '10.40.30.160', '2017-08-29 16:56:53', '0000-00-00 00:00:00', 3, 15),
(103, 'Ricoh', 'T576H304629', '10.40.30.160', '2017-08-29 16:56:53', '0000-00-00 00:00:00', 3, 15),
(104, 'Ricoh', 'T576H304627', '10.40.30.162', '2017-08-29 16:56:53', '0000-00-00 00:00:00', 3, 15),
(105, 'Ricoh', 'T576H304600', '166', '2017-08-29 16:56:53', '0000-00-00 00:00:00', 3, 4),
(106, 'Ricoh', 'T576H304589', '10.40.32.150', '2017-08-29 16:56:53', '0000-00-00 00:00:00', 3, 15),
(107, 'Ricoh', 'T576H304556', '162', '2017-08-29 16:56:53', '0000-00-00 00:00:00', 3, 4),
(108, 'Ricoh', 'T576H304552', '', '2017-08-29 16:56:53', '0000-00-00 00:00:00', 3, 5),
(109, 'Ricoh', 'T576H304546', '10.40.20.150', '2017-08-29 16:56:53', '0000-00-00 00:00:00', 3, 19),
(110, 'Ricoh', 'T576H304540', '', '2017-08-29 16:56:53', '0000-00-00 00:00:00', 3, 9),
(111, 'Ricoh', 'T576H304539', '', '2017-08-29 16:56:53', '0000-00-00 00:00:00', 3, 6),
(112, 'Ricoh', 'T576H304525', '', '2017-08-29 16:56:53', '0000-00-00 00:00:00', 3, 9),
(113, 'Ricoh', 'T576H304524', '10.40.20.153', '2017-08-29 16:56:53', '0000-00-00 00:00:00', 3, 19),
(114, 'Ricoh', 'T576H304439', '10.40.40.62', '2017-08-29 16:56:53', '0000-00-00 00:00:00', 3, 12),
(115, 'Ricoh', 'T576H304437', '', '2017-08-29 16:56:53', '0000-00-00 00:00:00', 3, 9),
(116, 'Ricoh', 'T576H3044321', '10.40.40.56', '2017-08-29 16:56:53', '0000-00-00 00:00:00', 3, 12),
(117, 'Ricoh', 'T576H304425', '10.40.42.55', '2017-08-29 16:56:53', '0000-00-00 00:00:00', 3, 13),
(118, 'Ricoh', 'T576H304422', '10.40.30.158', '2017-08-29 16:56:53', '0000-00-00 00:00:00', 3, 17),
(119, 'Ricoh', 'T576H304422', '10.40.32.158', '2017-08-29 16:56:53', '0000-00-00 00:00:00', 3, 17),
(120, 'Ricoh', 'T576H304421', '', '2017-08-29 16:56:53', '0000-00-00 00:00:00', 3, 1),
(121, 'Ricoh', 'T576H304420', '10.31.53.180', '2017-08-29 16:56:53', '0000-00-00 00:00:00', 3, 10),
(122, 'Ricoh', 'T576H304419', '10.40.30.247', '2017-08-29 16:56:53', '0000-00-00 00:00:00', 3, 16),
(123, 'Ricoh', 'T576H304419', '10.40.30.247', '2017-08-29 16:56:53', '0000-00-00 00:00:00', 3, 16),
(124, 'Ricoh', 'T576H304414', '', '2017-08-29 16:56:53', '0000-00-00 00:00:00', 3, 1),
(125, 'Ricoh', 'T576H304413', '10.40.30.156', '2017-08-29 16:56:53', '0000-00-00 00:00:00', 3, 15),
(126, 'Ricoh', 'T576H304413', '10.40.30.156', '2017-08-29 16:56:53', '0000-00-00 00:00:00', 3, 15),
(127, 'Ricoh', 'T576H304395', '10.40.32.160', '2017-08-29 16:56:53', '0000-00-00 00:00:00', 3, 17),
(128, 'Ricoh', 'T576H304395', '10.40.32.160', '2017-08-29 16:56:53', '0000-00-00 00:00:00', 3, 17),
(129, 'Ricoh', 'T576H304394', '', '2017-08-29 16:56:53', '0000-00-00 00:00:00', 3, 6),
(130, 'Ricoh', 'T576H304379', '164', '2017-08-29 16:56:53', '0000-00-00 00:00:00', 3, 4),
(131, 'Ricoh', 'T576H304378', '', '2017-08-29 16:56:53', '0000-00-00 00:00:00', 3, 9),
(132, 'Ricoh', 'T576H304372', '', '2017-08-29 16:56:53', '0000-00-00 00:00:00', 3, 6),
(133, 'Ricoh', 'T576H304370', '', '2017-08-29 16:56:53', '0000-00-00 00:00:00', 3, 9),
(134, 'Ricoh', 'T576H304357', '10.40.30.251', '2017-08-29 16:56:53', '0000-00-00 00:00:00', 3, 16),
(135, 'Ricoh', 'T576H30435', '10.31.56.160', '2017-08-29 16:56:53', '0000-00-00 00:00:00', 3, 7),
(136, 'Ricoh', 'T576H304343', '10.31.55.160', '2017-08-29 16:56:53', '0000-00-00 00:00:00', 3, 8),
(137, 'Ricoh', 'T576H304338', '10.31.56.151', '2017-08-29 16:56:53', '0000-00-00 00:00:00', 3, 7),
(138, 'Ricoh', 'T576H304321', '', '2017-08-29 16:56:53', '0000-00-00 00:00:00', 3, 1),
(139, 'Ricoh', 'T576H304297', '', '2017-08-29 16:56:53', '0000-00-00 00:00:00', 3, 9),
(140, 'Ricoh', 'T576H304243', '', '2017-08-29 16:56:53', '0000-00-00 00:00:00', 3, 8),
(141, 'Ricoh', 'T576H304159', '163', '2017-08-29 16:56:53', '0000-00-00 00:00:00', 3, 4),
(142, 'Ricoh', 'T576H30376', '10.31.56.159', '2017-08-29 16:56:53', '0000-00-00 00:00:00', 3, 7),
(143, 'Ricoh', 'T576H300637', '10.40.41.57', '2017-08-29 16:56:53', '0000-00-00 00:00:00', 3, 14),
(144, 'Ricoh', 'T576H300635', '10.40.30.248', '2017-08-29 16:56:53', '0000-00-00 00:00:00', 3, 16),
(145, 'Ricoh', 'T576H300635', '10.40.30.248', '2017-08-29 16:56:53', '0000-00-00 00:00:00', 3, 16),
(146, 'Ricoh', 'T576H300629', '', '2017-08-29 16:56:53', '0000-00-00 00:00:00', 3, 2),
(147, 'Ricoh', 'T576H300622', '10.40.40.57', '2017-08-29 16:56:53', '0000-00-00 00:00:00', 3, 12),
(148, 'Ricoh', 'T576H300608', '10.40.42.59', '2017-08-29 16:56:53', '0000-00-00 00:00:00', 3, 13),
(149, '', 'T576H30026', '10.40.41.55', '2017-08-29 16:56:53', '0000-00-00 00:00:00', 3, 14),
(150, '', 'S57007216', '', '2017-08-29 16:56:53', '0000-00-00 00:00:00', 3, 7),
(151, 'Viewsonic', 'R3VQ91104163', '', '2017-08-29 16:56:53', '0000-00-00 00:00:00', 1, 1),
(152, 'Viewsonic', 'R3V091104295', '', '2017-08-29 16:56:53', '0000-00-00 00:00:00', 1, 2),
(153, 'Daewoo', 'no sn', '', '2017-08-29 16:56:53', '0000-00-00 00:00:00', 1, 2),
(154, '', 'MMT0CEE0142002F878500', '', '2017-08-29 16:56:53', '0000-00-00 00:00:00', 2, 7),
(155, '', 'MMT0CEE001416076278500', '', '2017-08-29 16:56:53', '0000-00-00 00:00:00', 2, 7),
(156, '', 'MMT0CEE00141605F8500', '', '2017-08-29 16:56:53', '0000-00-00 00:00:00', 2, 7),
(157, '', 'M901C00057060268', '', '2017-08-29 16:56:53', '0000-00-00 00:00:00', 3, 1),
(158, '', 'M901C00057060267', '', '2017-08-29 16:56:53', '0000-00-00 00:00:00', 3, 6),
(159, 'Lexmark', 'LEXMARK E260DN', '', '2017-08-29 16:56:53', '0000-00-00 00:00:00', 3, 1),
(160, 'Lexmark', 'LEXMARK E260DN', '', '2017-08-29 16:56:53', '0000-00-00 00:00:00', 3, 1),
(161, 'Lexmark', 'LEXMARK E260DN', '', '2017-08-29 16:56:53', '0000-00-00 00:00:00', 3, 1),
(162, 'Lexmark', 'LEXMARK E260DN', '', '2017-08-29 16:56:53', '0000-00-00 00:00:00', 3, 1),
(163, 'Lexmark', 'LEXMARK E260DN', '', '2017-08-29 16:56:53', '0000-00-00 00:00:00', 3, 1),
(164, 'Epson', 'KAZZ193903', '', '2017-08-29 16:56:53', '0000-00-00 00:00:00', 3, 5),
(165, 'Epson', 'KAZZ193667', '', '2017-08-29 16:56:53', '0000-00-00 00:00:00', 3, 5),
(166, 'Epson', 'Kazz193507', '', '2017-08-29 16:56:53', '0000-00-00 00:00:00', 3, 5),
(167, 'Epson', 'KAZZ192517', '', '2017-08-29 16:56:53', '0000-00-00 00:00:00', 3, 1),
(168, 'Epson', 'KAZZ192488', '', '2017-08-29 16:56:53', '0000-00-00 00:00:00', 3, 5),
(169, 'Fujitsu', 'FI6140Z 603553', '', '2017-08-29 16:56:53', '0000-00-00 00:00:00', 4, 2),
(170, 'Fujitsu', 'FI6130 048619', '', '2017-08-29 16:56:53', '0000-00-00 00:00:00', 4, 2),
(171, 'Fujitsu', 'FI5750C107482', '', '2017-08-29 16:56:53', '0000-00-00 00:00:00', 4, 6),
(172, 'Fujitsu', 'FI5750C107469', '', '2017-08-29 16:56:53', '0000-00-00 00:00:00', 4, 2),
(173, 'Fujitsu', 'FI5750C107456', '', '2017-08-29 16:56:53', '0000-00-00 00:00:00', 4, 6),
(174, 'Fujitsu', 'FI5750C107455', '', '2017-08-29 16:56:53', '0000-00-00 00:00:00', 4, 2),
(175, 'Aopen', 'Ecem470 Pc 1353', '10.40.30.202', '2017-08-29 16:56:53', '0000-00-00 00:00:00', 1, 17),
(176, 'Aopen', 'Ecem470 Pc 1345', '10.40.32.8', '2017-08-29 16:56:53', '0000-00-00 00:00:00', 1, 17),
(177, 'Aopen', 'Ecem470 Pc 1290', '10.40.30.204', '2017-08-29 16:56:53', '0000-00-00 00:00:00', 1, 17),
(178, 'Aopen', 'Ecem470 Pc 1032', '10.40.31.25', '2017-08-29 16:56:53', '0000-00-00 00:00:00', 1, 16),
(179, 'Aopen', 'Ecem470 Pc 1025', '10.40.30.5', '2017-08-29 16:56:53', '0000-00-00 00:00:00', 1, 15),
(180, 'Aopen', 'Ecem470 Pc 1018', '10.40.32.10', '2017-08-29 16:56:53', '0000-00-00 00:00:00', 1, 17),
(181, 'Aopen', 'Ecem470 Pc 1010', '10.40.30.205', '2017-08-29 16:56:53', '0000-00-00 00:00:00', 1, 17),
(182, 'Aopen', 'Ecem470 Pc 0989', '10.40.30.212', '2017-08-29 16:56:53', '0000-00-00 00:00:00', 1, 16),
(183, 'Aopen', 'Ecem470 Pc 0985', '10.40.32.6', '2017-08-29 16:56:53', '0000-00-00 00:00:00', 1, 17),
(184, 'Aopen', 'Ecem470 Pc 0984', '10.40.39.31', '2017-08-29 16:56:53', '0000-00-00 00:00:00', 1, 16),
(185, 'Aopen', 'Ecem470 Pc 0974', '10.40.31.150', '2017-08-29 16:56:53', '0000-00-00 00:00:00', 1, 15),
(186, 'Aopen', 'Ecem470 Pc 0972', '10.40.30.203', '2017-08-29 16:56:53', '0000-00-00 00:00:00', 1, 17),
(187, 'Aopen', 'Ecem470 Pc 0888', '10.40.32.9', '2017-08-29 16:56:53', '0000-00-00 00:00:00', 1, 17),
(188, 'Aopen', 'Ecem470 Pc 0867', '10.40.30.240', '2017-08-29 16:56:53', '0000-00-00 00:00:00', 1, 16),
(189, 'Aopen', 'Ecem470 Pc 0848', '10.40.30.10', '2017-08-29 16:56:53', '0000-00-00 00:00:00', 1, 15),
(190, 'Aopen', 'Ecem470 Pc 0846', '10.40.30.46', '2017-08-29 16:56:53', '0000-00-00 00:00:00', 1, 16),
(191, 'Aopen', 'Ecem470 Pc 0836', '10.40.32.251', '2017-08-29 16:56:53', '0000-00-00 00:00:00', 1, 15),
(192, 'Aopen', 'Ecem470 Pc 0834', '10.40.30.15', '2017-08-29 16:56:53', '0000-00-00 00:00:00', 1, 15),
(193, 'Aopen', 'Ecem470 Pc 0823', '10.40.32.7', '2017-08-29 16:56:53', '0000-00-00 00:00:00', 1, 17),
(194, 'Aopen', 'Ecem470 Pc 0809', '10.40.31.151', '2017-08-29 16:56:53', '0000-00-00 00:00:00', 1, 15),
(195, 'Aopen', 'Ecem470 Pc 0776', '10.40.30.19', '2017-08-29 16:56:53', '0000-00-00 00:00:00', 1, 15),
(196, 'Aopen', 'Ecem470 Pc 0629', '10.40.32.203', '2017-08-29 16:56:53', '0000-00-00 00:00:00', 1, 15),
(197, 'Aopen', 'Ecem470 Pc 0613', '10.40.30.45', '2017-08-29 16:56:53', '0000-00-00 00:00:00', 1, 16),
(198, 'Aopen', 'Ecem470 Pc 0611', '10.40.32.26', '2017-08-29 16:56:53', '0000-00-00 00:00:00', 1, 17),
(199, 'Aopen', 'Ecem470 Pc 0524', '10.40.30.42', '2017-08-29 16:56:53', '0000-00-00 00:00:00', 1, 16),
(200, 'Aopen', 'Ecem470 Pc 0486', '10.40.32.25', '2017-08-29 16:56:53', '0000-00-00 00:00:00', 1, 17),
(201, 'Aopen', 'Ecem470 Pc 0453', '10.40.30.43', '2017-08-29 16:56:53', '0000-00-00 00:00:00', 1, 16),
(202, 'Aopen', 'Ecem470 Pc 0421', '10.40.30.14', '2017-08-29 16:56:53', '0000-00-00 00:00:00', 1, 15),
(203, 'Aopen', 'Ecem470 Pc 0147', '10.40.30.18', '2017-08-29 16:56:53', '0000-00-00 00:00:00', 1, 15),
(204, 'Aopen', 'Ecem470 Pc 0055', '10.40.30.17', '2017-08-29 16:56:53', '0000-00-00 00:00:00', 1, 15),
(205, 'Daewoo', 'DE09CLCD5890532', '', '2017-08-29 16:56:53', '0000-00-00 00:00:00', 2, 6),
(206, 'Daewoo', 'DE09CLCD5890532', '', '2017-08-29 16:56:53', '0000-00-00 00:00:00', 2, 6),
(207, 'Daewoo', 'DE09CLCD5890512', '', '2017-08-29 16:56:53', '0000-00-00 00:00:00', 2, 2),
(208, 'Daewoo', 'DE09CLCD5890509', '', '2017-08-29 16:56:53', '0000-00-00 00:00:00', 2, 2),
(209, 'Daewoo', 'DE09CLCD5890504', '', '2017-08-29 16:56:53', '0000-00-00 00:00:00', 2, 2),
(210, 'Daewoo', 'DE09CLCD5890501', '', '2017-08-29 16:56:53', '0000-00-00 00:00:00', 2, 2),
(211, 'Daewoo', 'DE09CLCD5890497', '', '2017-08-29 16:56:53', '0000-00-00 00:00:00', 2, 6),
(212, 'Daewoo', 'DE09CLCD5890477', '', '2017-08-29 16:56:53', '0000-00-00 00:00:00', 2, 6),
(213, 'Daewoo', 'DE09CLCD5890441', '', '2017-08-29 16:56:53', '0000-00-00 00:00:00', 2, 2),
(214, 'Daewoo', 'DE09CLCD5890389', '', '2017-08-29 16:56:53', '0000-00-00 00:00:00', 2, 1),
(215, 'Daewoo', 'DE09CLCD5890368', '', '2017-08-29 16:56:53', '0000-00-00 00:00:00', 2, 1),
(216, 'Daewoo', 'DE09CLCD5890368', '', '2017-08-29 16:56:53', '0000-00-00 00:00:00', 2, 1),
(217, 'Daewoo', 'DE09CLCD5890350', '', '2017-08-29 16:56:53', '0000-00-00 00:00:00', 2, 1),
(218, 'Daewoo', 'DE09CLCD5890335', '', '2017-08-29 16:56:53', '0000-00-00 00:00:00', 2, 2),
(219, 'Daewoo', 'DE09CLCD5890318', '', '2017-08-29 16:56:53', '0000-00-00 00:00:00', 2, 6),
(220, 'Daewoo', 'DE09CLCD5890317', '', '2017-08-29 16:56:53', '0000-00-00 00:00:00', 2, 6),
(221, 'Daewoo', 'DE09CLCD5890313', '', '2017-08-29 16:56:53', '0000-00-00 00:00:00', 2, 2),
(222, 'Daewoo', 'DE09CLCD5890312', '', '2017-08-29 16:56:53', '0000-00-00 00:00:00', 2, 1),
(223, 'Daewoo', 'DE09CLCD5890311', '', '2017-08-29 16:56:53', '0000-00-00 00:00:00', 2, 2),
(224, 'Daewoo', 'DE09CLCD5890309', '', '2017-08-29 16:56:53', '0000-00-00 00:00:00', 2, 2),
(225, 'Daewoo', 'DE09CLCD5890303', '', '2017-08-29 16:56:53', '0000-00-00 00:00:00', 2, 2),
(226, 'Daewoo', 'DE09CLCD5890301', '', '2017-08-29 16:56:53', '0000-00-00 00:00:00', 2, 1),
(227, 'Daewoo', 'DE09CLCD5890298', '', '2017-08-29 16:56:53', '0000-00-00 00:00:00', 2, 1),
(228, 'Daewoo', 'DE09CLCD5890292', '', '2017-08-29 16:56:53', '0000-00-00 00:00:00', 2, 1),
(229, 'Daewoo', 'DE09CLCD5890290', '', '2017-08-29 16:56:53', '0000-00-00 00:00:00', 2, 2),
(230, 'Daewoo', 'DE09CLCD5890285', '', '2017-08-29 16:56:53', '0000-00-00 00:00:00', 2, 2),
(231, 'Daewoo', 'DE09CLCD5890283', '', '2017-08-29 16:56:53', '0000-00-00 00:00:00', 2, 2),
(232, 'Daewoo', 'DE09CLCD5890274', '', '2017-08-29 16:56:53', '0000-00-00 00:00:00', 2, 1),
(233, 'Daewoo', 'DE09CLCD5890254', '', '2017-08-29 16:56:53', '0000-00-00 00:00:00', 2, 4),
(234, 'Daewoo', 'DE09CLCD5890253', '', '2017-08-29 16:56:53', '0000-00-00 00:00:00', 2, 1),
(235, 'Daewoo', 'DE09CLCD5890252', '', '2017-08-29 16:56:53', '0000-00-00 00:00:00', 2, 1),
(236, 'Daewoo', 'DE09CLCD5890250', '', '2017-08-29 16:56:53', '0000-00-00 00:00:00', 2, 1),
(237, 'Daewoo', 'DE09CLCD5890243', '', '2017-08-29 16:56:53', '0000-00-00 00:00:00', 2, 1),
(238, 'Daewoo', 'DE09CLCD5890241', '', '2017-08-29 16:56:53', '0000-00-00 00:00:00', 2, 2),
(239, 'Daewoo', 'DE09CLCD5890240', '', '2017-08-29 16:56:53', '0000-00-00 00:00:00', 2, 2),
(240, 'Daewoo', 'DE09CLCD5890231', '', '2017-08-29 16:56:53', '0000-00-00 00:00:00', 2, 6),
(241, 'Daewoo', 'DE09CLCD5890228', '', '2017-08-29 16:56:53', '0000-00-00 00:00:00', 2, 2),
(242, 'Daewoo', 'DE09CLCD5890224', '', '2017-08-29 16:56:53', '0000-00-00 00:00:00', 2, 2),
(243, 'Daewoo', 'DE09CLCD5890216', '', '2017-08-29 16:56:53', '0000-00-00 00:00:00', 2, 2),
(244, 'Daewoo', 'DE09CLCD5890163', '', '2017-08-29 16:56:53', '0000-00-00 00:00:00', 2, 1),
(245, 'Daewoo', 'DE09CLCD5890163', '', '2017-08-29 16:56:53', '0000-00-00 00:00:00', 2, 1),
(246, 'Daewoo', 'DE09CLCD5890161', '', '2017-08-29 16:56:53', '0000-00-00 00:00:00', 2, 1),
(247, 'Daewoo', 'DE09CLCD5890160', '', '2017-08-29 16:56:53', '0000-00-00 00:00:00', 2, 1),
(248, 'Daewoo', 'DE09CLCD5890158', '', '2017-08-29 16:56:53', '0000-00-00 00:00:00', 2, 6),
(249, 'Daewoo', 'DE09CLCD5890156', '', '2017-08-29 16:56:53', '0000-00-00 00:00:00', 2, 6),
(250, 'Daewoo', 'DE09CLCD5890155', '', '2017-08-29 16:56:53', '0000-00-00 00:00:00', 2, 1),
(251, 'Daewoo', 'DE09CLCD5890151', '', '2017-08-29 16:56:53', '0000-00-00 00:00:00', 2, 2),
(252, 'Daewoo', 'DE09CLCD5890139', '', '2017-08-29 16:56:53', '0000-00-00 00:00:00', 2, 6),
(253, 'Daewoo', 'DE09CLCD5890127', '', '2017-08-29 16:56:53', '0000-00-00 00:00:00', 2, 2),
(254, 'Daewoo', 'DE09CLCD5890122', '', '2017-08-29 16:56:53', '0000-00-00 00:00:00', 2, 1),
(255, 'Daewoo', 'DE09CLCD5890117', '', '2017-08-29 16:56:53', '0000-00-00 00:00:00', 2, 2),
(256, 'Daewoo', 'DE09CLCD5890114', '', '2017-08-29 16:56:53', '0000-00-00 00:00:00', 2, 5),
(257, 'Daewoo', 'DE09CLCD5890113', '', '2017-08-29 16:56:53', '0000-00-00 00:00:00', 2, 2),
(258, 'Daewoo', 'DE09CLCD5890111', '', '2017-08-29 16:56:53', '0000-00-00 00:00:00', 2, 2),
(259, 'Daewoo', 'DE09CLCD5890107', '', '2017-08-29 16:56:53', '0000-00-00 00:00:00', 2, 1),
(260, 'Daewoo', 'DE09CLCD5890106', '', '2017-08-29 16:56:53', '0000-00-00 00:00:00', 2, 2),
(261, 'Daewoo', 'DE09CLCD5890104', '', '2017-08-29 16:56:53', '0000-00-00 00:00:00', 2, 2),
(262, 'Daewoo', 'DE09CLCD5890099', '', '2017-08-29 16:56:53', '0000-00-00 00:00:00', 2, 6),
(263, 'Daewoo', 'DE09CLCD5890094', '', '2017-08-29 16:56:53', '0000-00-00 00:00:00', 2, 1),
(264, 'Daewoo', 'DE09CLCD5890091', '', '2017-08-29 16:56:53', '0000-00-00 00:00:00', 2, 1),
(265, 'Daewoo', 'DE09CLCD5890089', '', '2017-08-29 16:56:53', '0000-00-00 00:00:00', 2, 2),
(266, 'Daewoo', 'DE09CLCD5890085', '', '2017-08-29 16:56:53', '0000-00-00 00:00:00', 2, 2),
(267, 'Daewoo', 'DE09CLCD5890084', '', '2017-08-29 16:56:53', '0000-00-00 00:00:00', 2, 1),
(268, 'Daewoo', 'DE09CLCD5890078', '', '2017-08-29 16:56:53', '0000-00-00 00:00:00', 2, 1),
(269, 'Daewoo', 'DE09CLCD5890062', '', '2017-08-29 16:56:53', '0000-00-00 00:00:00', 2, 2),
(270, 'Daewoo', 'DE09CL10590150', '', '2017-08-29 16:56:53', '0000-00-00 00:00:00', 1, 2),
(271, 'Daewoo', 'DE09CL105890481', '', '2017-08-29 16:56:53', '0000-00-00 00:00:00', 1, 1),
(272, 'Daewoo', 'DE09CL105890468', '', '2017-08-29 16:56:53', '0000-00-00 00:00:00', 1, 2),
(273, 'Daewoo', 'DE09CL105890455', '', '2017-08-29 16:56:53', '0000-00-00 00:00:00', 1, 2),
(274, 'Daewoo', 'DE09CL105890431', '', '2017-08-29 16:56:53', '0000-00-00 00:00:00', 1, 1),
(275, 'Daewoo', 'DE09CL105890427', '', '2017-08-29 16:56:53', '0000-00-00 00:00:00', 1, 1),
(276, 'Daewoo', 'DE09CL105890407', '', '2017-08-29 16:56:53', '0000-00-00 00:00:00', 1, 1),
(277, 'Daewoo', 'DE09CL105890404', '', '2017-08-29 16:56:53', '0000-00-00 00:00:00', 1, 2),
(278, 'Daewoo', 'DE09CL105890403', '', '2017-08-29 16:56:53', '0000-00-00 00:00:00', 1, 2),
(279, 'Daewoo', 'DE09CL105890390', '', '2017-08-29 16:56:53', '0000-00-00 00:00:00', 1, 2),
(280, 'Daewoo', 'DE09CL105890373', '', '2017-08-29 16:56:53', '0000-00-00 00:00:00', 1, 2),
(281, 'Daewoo', 'DE09CL105890372', '', '2017-08-29 16:56:53', '0000-00-00 00:00:00', 1, 1),
(282, 'Daewoo', 'DE09CL105890337', '', '2017-08-29 16:56:53', '0000-00-00 00:00:00', 1, 2),
(283, 'Daewoo', 'DE09CL105890331', '', '2017-08-29 16:56:53', '0000-00-00 00:00:00', 1, 1),
(284, 'Daewoo', 'DE09CL105890319', '', '2017-08-29 16:56:53', '0000-00-00 00:00:00', 1, 1),
(285, 'Daewoo', 'DE09CL105890314', '', '2017-08-29 16:56:53', '0000-00-00 00:00:00', 1, 2),
(286, 'Daewoo', 'DE09CL105890312', '', '2017-08-29 16:56:53', '0000-00-00 00:00:00', 1, 1),
(287, 'Daewoo', 'DE09CL105890284', '', '2017-08-29 16:56:53', '0000-00-00 00:00:00', 1, 2),
(288, 'Daewoo', 'DE09CL105890281', '23', '2017-08-29 16:56:53', '0000-00-00 00:00:00', 1, 5),
(289, 'Daewoo', 'DE09CL105890280', '', '2017-08-29 16:56:53', '0000-00-00 00:00:00', 1, 1),
(290, 'Daewoo', 'DE09CL105890275', '', '2017-08-29 16:56:53', '0000-00-00 00:00:00', 1, 2),
(291, 'Daewoo', 'DE09CL105890272', '', '2017-08-29 16:56:53', '0000-00-00 00:00:00', 1, 1),
(292, 'Daewoo', 'DE09CL105890272', '', '2017-08-29 16:56:53', '0000-00-00 00:00:00', 1, 1),
(293, 'Daewoo', 'DE09CL105890269', '', '2017-08-29 16:56:53', '0000-00-00 00:00:00', 1, 2),
(294, 'Daewoo', 'DE09CL105890266', '', '2017-08-29 16:56:53', '0000-00-00 00:00:00', 1, 6),
(295, 'Daewoo', 'DE09CL105890262', '', '2017-08-29 16:56:53', '0000-00-00 00:00:00', 1, 1),
(296, 'Daewoo', 'DE09CL105890262', '', '2017-08-29 16:56:53', '0000-00-00 00:00:00', 1, 1),
(297, 'Daewoo', 'DE09CL105890240', '', '2017-08-29 16:56:53', '0000-00-00 00:00:00', 1, 1),
(298, 'Daewoo', 'DE09CL105890231', '', '2017-08-29 16:56:53', '0000-00-00 00:00:00', 1, 1),
(299, 'Daewoo', 'DE09CL105890219', '', '2017-08-29 16:56:53', '0000-00-00 00:00:00', 1, 6),
(300, 'Daewoo', 'DE09CL105890212', '', '2017-08-29 16:56:53', '0000-00-00 00:00:00', 1, 1),
(301, 'Daewoo', 'DE09CL105890199', '19', '2017-08-29 16:56:53', '0000-00-00 00:00:00', 1, 5),
(302, 'Daewoo', 'DE09CL105890145', '', '2017-08-29 16:56:53', '0000-00-00 00:00:00', 1, 1),
(303, 'Daewoo', 'DE09CL105890141', '', '2017-08-29 16:56:53', '0000-00-00 00:00:00', 1, 2),
(304, 'Daewoo', 'DE09CL105890139', '', '2017-08-29 16:56:53', '0000-00-00 00:00:00', 1, 1),
(305, 'Daewoo', 'DE09CL105890125', '', '2017-08-29 16:56:53', '0000-00-00 00:00:00', 1, 2),
(306, 'Daewoo', 'DE09CL105890116', '', '2017-08-29 16:56:53', '0000-00-00 00:00:00', 1, 2),
(307, 'Daewoo', 'DE09CL105890105', '', '2017-08-29 16:56:53', '0000-00-00 00:00:00', 1, 2),
(308, 'Daewoo', 'DE09CL105890097', '', '2017-08-29 16:56:53', '0000-00-00 00:00:00', 1, 2),
(309, 'Daewoo', 'DE09CL105890085', '', '2017-08-29 16:56:53', '0000-00-00 00:00:00', 1, 2),
(310, 'Daewoo', 'DE09CL105890073', '', '2017-08-29 16:56:53', '0000-00-00 00:00:00', 1, 2),
(311, 'Daewoo', 'DE09CL105890066', '', '2017-08-29 16:56:53', '0000-00-00 00:00:00', 1, 1),
(312, 'Daewoo', 'DE09CL105890064', '', '2017-08-29 16:56:53', '0000-00-00 00:00:00', 1, 2),
(313, 'Daewoo', 'DE09CL105890053', '', '2017-08-29 16:56:53', '0000-00-00 00:00:00', 1, 1),
(314, 'Daewoo', 'DE09CL105890048', '', '2017-08-29 16:56:53', '0000-00-00 00:00:00', 1, 1),
(315, 'Daewoo', 'DE09CL105890042', '', '2017-08-29 16:56:53', '0000-00-00 00:00:00', 1, 2),
(316, 'Daewoo', 'DE09CL105890026', '', '2017-08-29 16:56:53', '0000-00-00 00:00:00', 1, 2),
(317, 'Daewoo', 'DE09CL105890022', '', '2017-08-29 16:56:53', '0000-00-00 00:00:00', 1, 1),
(318, 'Daewoo', 'DE09CL105890022', '', '2017-08-29 16:56:53', '0000-00-00 00:00:00', 1, 1),
(319, 'Daewoo', 'DE09CL105890020', '', '2017-08-29 16:56:53', '0000-00-00 00:00:00', 1, 2),
(320, 'Daewoo', 'DE09CL105890005', '', '2017-08-29 16:56:53', '0000-00-00 00:00:00', 1, 2),
(321, 'Daewoo', 'DE09CL105700027', '', '2017-08-29 16:56:53', '0000-00-00 00:00:00', 1, 1),
(322, 'Daewoo', 'DE09BL105700033', '', '2017-08-29 16:56:53', '0000-00-00 00:00:00', 1, 2),
(323, 'Daewoo', 'DE09BL105700022', '', '2017-08-29 16:56:53', '0000-00-00 00:00:00', 1, 2),
(324, 'HP', 'CZC0402578', '', '2017-08-29 16:56:53', '0000-00-00 00:00:00', 1, 1),
(325, 'HP', 'CZC040255T', '', '2017-08-29 16:56:53', '0000-00-00 00:00:00', 1, 2),
(326, 'HP', 'CZC040250C', '', '2017-08-29 16:56:53', '0000-00-00 00:00:00', 1, 2),
(327, 'HP', 'CZC04024Z1', '', '2017-08-29 16:56:53', '0000-00-00 00:00:00', 1, 2),
(328, 'HP', 'CZC04024Y5', '', '2017-08-29 16:56:53', '0000-00-00 00:00:00', 1, 1),
(329, 'Samsung', 'CNZZJC9001043CBQP6F3F0384', '', '2017-08-29 16:56:53', '0000-00-00 00:00:00', 3, 6),
(330, 'Samsung', 'CNZZJC9001043CBQP6F3F0107', '', '2017-08-29 16:56:53', '0000-00-00 00:00:00', 3, 6),
(331, 'Samsung', 'CNR1JC9001043ABQP6C2O2307', '', '2017-08-29 16:56:53', '0000-00-00 00:00:00', 3, 2),
(332, 'HP', 'CNCGC43965', '', '2017-08-29 16:56:53', '0000-00-00 00:00:00', 2, 2),
(333, 'HP', 'CNC137R2GD', '', '2017-08-29 16:56:53', '0000-00-00 00:00:00', 2, 5),
(334, 'HP', 'CNC137R2G8', '', '2017-08-29 16:56:53', '0000-00-00 00:00:00', 2, 6),
(335, 'HP', 'CNC137R2FM', '', '2017-08-29 16:56:53', '0000-00-00 00:00:00', 2, 5),
(336, 'HP', 'CNC137R2FH', '', '2017-08-29 16:56:53', '0000-00-00 00:00:00', 2, 6),
(337, 'HP', 'CNC137R2FG', '', '2017-08-29 16:56:53', '0000-00-00 00:00:00', 2, 5),
(338, 'HP', 'CNC137R2F9', '', '2017-08-29 16:56:53', '0000-00-00 00:00:00', 2, 6),
(339, 'HP', 'CNC137R2DR', '', '2017-08-29 16:56:53', '0000-00-00 00:00:00', 2, 6),
(340, 'HP', 'CNC137R2DN', '', '2017-08-29 16:56:53', '0000-00-00 00:00:00', 2, 6),
(341, 'HP', 'CNC137R2DK', '', '2017-08-29 16:56:53', '0000-00-00 00:00:00', 2, 6),
(342, 'HP', 'CNC137R2BJ', '', '2017-08-29 16:56:53', '0000-00-00 00:00:00', 2, 6),
(343, 'HP', 'CNC137R2B7', '', '2017-08-29 16:56:53', '0000-00-00 00:00:00', 2, 4),
(344, 'HP', 'CNC137R28R', '', '2017-08-29 16:56:53', '0000-00-00 00:00:00', 2, 5),
(345, 'HP', 'CNC137R20R', '', '2017-08-29 16:56:53', '0000-00-00 00:00:00', 2, 4),
(346, 'HP', 'CNC137R20C', '', '2017-08-29 16:56:53', '0000-00-00 00:00:00', 2, 4),
(347, 'HP', 'CNC137R1WX', '', '2017-08-29 16:56:53', '0000-00-00 00:00:00', 2, 6),
(348, 'HP', 'CNC137R1WT', '', '2017-08-29 16:56:53', '0000-00-00 00:00:00', 2, 5),
(349, 'HP', 'CNC137R1WF', '', '2017-08-29 16:56:53', '0000-00-00 00:00:00', 2, 5),
(350, 'HP', 'CNC137R1W9', '', '2017-08-29 16:56:53', '0000-00-00 00:00:00', 2, 6),
(351, 'HP', 'CNC137R1RD', '', '2017-08-29 16:56:53', '0000-00-00 00:00:00', 2, 4),
(352, 'HP', 'CNC137R1RB', '', '2017-08-29 16:56:53', '0000-00-00 00:00:00', 2, 5),
(353, 'HP', 'CNC137R1R6', '', '2017-08-29 16:56:53', '0000-00-00 00:00:00', 2, 6),
(354, 'HP', 'CNC137R1P2', '', '2017-08-29 16:56:53', '0000-00-00 00:00:00', 2, 4),
(355, 'HP', 'CNC137QF8W', '', '2017-08-29 16:56:53', '0000-00-00 00:00:00', 2, 6),
(356, 'HP', 'CNC137420N', '', '2017-08-29 16:56:53', '0000-00-00 00:00:00', 2, 5),
(357, 'HP', 'CNC135QOSP', '', '2017-08-29 16:56:53', '0000-00-00 00:00:00', 2, 5),
(358, 'HP', 'CNC135QMQ', '', '2017-08-29 16:56:53', '0000-00-00 00:00:00', 2, 5),
(359, 'HP', 'CNC135QM72', '', '2017-08-29 16:56:53', '0000-00-00 00:00:00', 2, 6),
(360, 'HP', 'CNC135QM71', '', '2017-08-29 16:56:53', '0000-00-00 00:00:00', 2, 6),
(361, 'HP', 'CNC135QM6P', '', '2017-08-29 16:56:53', '0000-00-00 00:00:00', 2, 4),
(362, 'HP', 'CNC135QM52', '', '2017-08-29 16:56:53', '0000-00-00 00:00:00', 2, 6),
(363, 'HP', 'CNC135QM4L', '', '2017-08-29 16:56:53', '0000-00-00 00:00:00', 2, 6),
(364, 'HP', 'CNC135QM4K', '', '2017-08-29 16:56:53', '0000-00-00 00:00:00', 2, 6),
(365, 'HP', 'CNC135QM4D', '', '2017-08-29 16:56:53', '0000-00-00 00:00:00', 2, 4),
(366, 'HP', 'CNC135QM1T', '', '2017-08-29 16:56:53', '0000-00-00 00:00:00', 2, 4),
(367, 'HP', 'CNC135QM0Z', '', '2017-08-29 16:56:53', '0000-00-00 00:00:00', 2, 6),
(368, 'HP', 'CNC135QM0F', '', '2017-08-29 16:56:53', '0000-00-00 00:00:00', 2, 4),
(369, 'HP', 'CNC135QM03', '', '2017-08-29 16:56:53', '0000-00-00 00:00:00', 2, 4),
(370, 'HP', 'CNC135QLYY', '', '2017-08-29 16:56:53', '0000-00-00 00:00:00', 2, 4),
(371, 'HP', 'CNC135QLYL', '', '2017-08-29 16:56:53', '0000-00-00 00:00:00', 2, 4),
(372, 'HP', 'CNC135QLXQ', '', '2017-08-29 16:56:53', '0000-00-00 00:00:00', 2, 4),
(373, 'HP', 'CNC135QLVR', '', '2017-08-29 16:56:53', '0000-00-00 00:00:00', 2, 4),
(374, 'HP', 'CNC135QLTZ', '', '2017-08-29 16:56:53', '0000-00-00 00:00:00', 2, 4),
(375, 'HP', 'CNC135QLRM', '', '2017-08-29 16:56:53', '0000-00-00 00:00:00', 2, 6),
(376, 'HP', 'CNC135Q3R1', '', '2017-08-29 16:56:53', '0000-00-00 00:00:00', 2, 4),
(377, 'HP', 'CNC135Q3R0', '', '2017-08-29 16:56:53', '0000-00-00 00:00:00', 2, 5),
(378, 'HP', 'CNC135Q3QY', '', '2017-08-29 16:56:53', '0000-00-00 00:00:00', 2, 4),
(379, 'HP', 'CNC135Q3QW', '', '2017-08-29 16:56:53', '0000-00-00 00:00:00', 2, 6),
(380, 'HP', 'CNC135Q3P0', '', '2017-08-29 16:56:53', '0000-00-00 00:00:00', 2, 4),
(381, 'HP', 'CNC135Q3LQ', '', '2017-08-29 16:56:53', '0000-00-00 00:00:00', 2, 4),
(382, 'HP', 'CNC135Q3LK', '', '2017-08-29 16:56:53', '0000-00-00 00:00:00', 2, 4),
(383, 'HP', 'CNC135Q3JJ', '', '2017-08-29 16:56:53', '0000-00-00 00:00:00', 2, 4),
(384, 'HP', 'CNC135Q3J9', '', '2017-08-29 16:56:53', '0000-00-00 00:00:00', 2, 5),
(385, 'HP', 'CNC135Q3J6', '', '2017-08-29 16:56:53', '0000-00-00 00:00:00', 2, 5),
(386, 'HP', 'CNC135Q3DB', '', '2017-08-29 16:56:53', '0000-00-00 00:00:00', 2, 4),
(387, 'HP', 'CNC135Q39N', '', '2017-08-29 16:56:53', '0000-00-00 00:00:00', 2, 5),
(388, 'HP', 'CNC135Q379', '', '2017-08-29 16:56:53', '0000-00-00 00:00:00', 2, 6),
(389, 'HP', 'CNC135Q33D', '', '2017-08-29 16:56:53', '0000-00-00 00:00:00', 2, 6),
(390, 'HP', 'CNC135Q0WZ', '', '2017-08-29 16:56:53', '0000-00-00 00:00:00', 2, 6),
(391, 'HP', 'CNC135Q0V5', '', '2017-08-29 16:56:53', '0000-00-00 00:00:00', 2, 6),
(392, 'HP', 'CNC135Q0SD', '', '2017-08-29 16:56:53', '0000-00-00 00:00:00', 2, 6),
(393, 'HP', 'CNC135 R2G3', '', '2017-08-29 16:56:53', '0000-00-00 00:00:00', 2, 5),
(394, 'Xerox', 'ARU355419', '', '2017-08-29 16:56:53', '0000-00-00 00:00:00', 3, 2),
(395, 'Xerox', 'ARU354939', '', '2017-08-29 16:56:53', '0000-00-00 00:00:00', 3, 2),
(396, 'Aopen', 'ACEMP70PCO864', '10.31.54.10', '2017-08-29 16:56:53', '0000-00-00 00:00:00', 1, 9),
(397, 'Aopen', 'ACEMP70PCO863', '10.40.40.19', '2017-08-29 16:56:53', '0000-00-00 00:00:00', 1, 12),
(398, 'Aopen', 'ACEMP70PCO849', '10.31.54.15', '2017-08-29 16:56:53', '0000-00-00 00:00:00', 1, 9),
(399, 'Aopen', 'ACEMP70PCO847', '10.40.40.20', '2017-08-29 16:56:53', '0000-00-00 00:00:00', 1, 12),
(400, 'Aopen', 'ACEMP70PCO619', '10.40.40.15', '2017-08-29 16:56:53', '0000-00-00 00:00:00', 1, 12),
(401, 'Aopen', 'ACEMP70PCC1090', '10.31.54.11', '2017-08-29 16:56:53', '0000-00-00 00:00:00', 1, 9),
(402, 'Aopen', 'ACEMP70PC1041', '10.40.40.16', '2017-08-29 16:56:53', '0000-00-00 00:00:00', 1, 12),
(403, 'Aopen', 'ACEM47OPCO596', '10.31.55.12', '2017-08-29 16:56:53', '0000-00-00 00:00:00', 1, 8),
(404, 'Aopen', 'ACEM47OPC1376', '10.31.54.50', '2017-08-29 16:56:53', '0000-00-00 00:00:00', 1, 9),
(405, 'Aopen', 'ACEM47OPC1187', '10.40.20.10', '2017-08-29 16:56:53', '0000-00-00 00:00:00', 1, 19),
(406, 'Aopen', 'ACEM47OPC1167', '10.31.54.51', '2017-08-29 16:56:53', '0000-00-00 00:00:00', 1, 9),
(407, 'Aopen', 'ACEM47OPC1083', '10.40.20.12', '2017-08-29 16:56:53', '0000-00-00 00:00:00', 1, 19),
(408, 'Aopen', 'ACEM4770PC0852', '10.31.55.10', '2017-08-29 16:56:53', '0000-00-00 00:00:00', 1, 8),
(409, 'Aopen', 'ACEM470PCO992', '10.40.41.11', '2017-08-29 16:56:53', '0000-00-00 00:00:00', 1, 14),
(410, 'Aopen', 'ACEM470PCO980', '', '2017-08-29 16:56:53', '0000-00-00 00:00:00', 1, 18),
(411, 'Aopen', 'ACEM470PCO849', '10.31.54.16', '2017-08-29 16:56:53', '0000-00-00 00:00:00', 1, 9),
(412, 'Aopen', 'ACEM470PCO844', '10.40.41.10', '2017-08-29 16:56:53', '0000-00-00 00:00:00', 1, 14),
(413, 'Aopen', 'ACEM470PCO835', '10.31.54.17', '2017-08-29 16:56:53', '0000-00-00 00:00:00', 1, 9),
(414, 'Aopen', 'ACEM470PCO817', '10.31.55.31', '2017-08-29 16:56:53', '0000-00-00 00:00:00', 1, 8),
(415, 'Aopen', 'ACEM470PCO804', '10.40.40.53', '2017-08-29 16:56:53', '0000-00-00 00:00:00', 1, 12),
(416, 'Aopen', 'ACEM470PCO765', '10.40.41.12', '2017-08-29 16:56:53', '0000-00-00 00:00:00', 1, 14),
(417, 'Aopen', 'ACEM470PCO637', '', '2017-08-29 16:56:53', '0000-00-00 00:00:00', 1, 18),
(418, 'Aopen', 'ACEM470PCO625', '10.40.42.51', '2017-08-29 16:56:53', '0000-00-00 00:00:00', 1, 13),
(419, 'Aopen', 'ACEM470PCO598', '10.40.40.17', '2017-08-29 16:56:53', '0000-00-00 00:00:00', 1, 12),
(420, 'Aopen', 'ACEM470PCO594', '10.31.54.25', '2017-08-29 16:56:53', '0000-00-00 00:00:00', 1, 9),
(421, 'Aopen', 'ACEM470PCO578', '10.31.54.14', '2017-08-29 16:56:53', '0000-00-00 00:00:00', 1, 9),
(422, 'Aopen', 'ACEM470PCO552', '10.40.42.11', '2017-08-29 16:56:53', '0000-00-00 00:00:00', 1, 13),
(423, 'Aopen', 'ACEM470PCO404', '10.40.40.52', '2017-08-29 16:56:53', '0000-00-00 00:00:00', 1, 12),
(424, 'Aopen', 'ACEM470PCO400', '10.40.42.14', '2017-08-29 16:56:53', '0000-00-00 00:00:00', 1, 13),
(425, 'Aopen', 'ACEM470PCO353', '10.31.55.30', '2017-08-29 16:56:53', '0000-00-00 00:00:00', 1, 8),
(426, 'Aopen', 'ACEM470PCO335', '10.31.54.20', '2017-08-29 16:56:53', '0000-00-00 00:00:00', 1, 9),
(427, 'Aopen', 'ACEM470PCO333', '10.40.40.18', '2017-08-29 16:56:53', '0000-00-00 00:00:00', 1, 12),
(428, 'Aopen', 'ACEM470PCO325', '', '2017-08-29 16:56:53', '0000-00-00 00:00:00', 1, 18),
(429, 'Aopen', 'ACEM470PCO314', '', '2017-08-29 16:56:53', '0000-00-00 00:00:00', 1, 18),
(430, 'Aopen', 'ACEM470PCO260', '10.40.41.13', '2017-08-29 16:56:53', '0000-00-00 00:00:00', 1, 14),
(431, 'Aopen', 'ACEM470PCO239', '10.40.42.50', '2017-08-29 16:56:53', '0000-00-00 00:00:00', 1, 13),
(432, 'Aopen', 'ACEM470PCO143', '', '2017-08-29 16:56:53', '0000-00-00 00:00:00', 1, 18),
(433, 'Aopen', 'ACEM470PCO122', '10.40.40.13', '2017-08-29 16:56:53', '0000-00-00 00:00:00', 1, 12),
(434, 'Aopen', 'ACEM470PCO1202', '10.40.69.31', '2017-08-29 16:56:53', '0000-00-00 00:00:00', 1, 18),
(435, 'Aopen', 'ACEM470PCO0839', '10.40.20.18', '2017-08-29 16:56:53', '0000-00-00 00:00:00', 1, 19),
(436, 'Aopen', 'ACEM470PCO057', '10.40.40.14', '2017-08-29 16:56:53', '0000-00-00 00:00:00', 1, 12),
(437, 'Aopen', 'ACEM470PCo042', '10.31.53.11', '2017-08-29 16:56:53', '0000-00-00 00:00:00', 1, 10),
(438, 'Aopen', 'ACEM470PCO012', '10.31.54.13', '2017-08-29 16:56:53', '0000-00-00 00:00:00', 1, 9),
(439, 'Aopen', 'ACEM470PC1807', '10.40.20.14', '2017-08-29 16:56:53', '0000-00-00 00:00:00', 1, 19),
(440, 'Aopen', 'ACEM470PC1488', '10.40.20.13', '2017-08-29 16:56:53', '0000-00-00 00:00:00', 1, 19),
(441, 'Aopen', 'ACEM470PC1487', '10.40.42.12', '2017-08-29 16:56:53', '0000-00-00 00:00:00', 1, 13),
(442, 'Aopen', 'ACEM470PC1483', '10.40.42.15', '2017-08-29 16:56:53', '0000-00-00 00:00:00', 1, 13),
(443, 'Aopen', 'ACEM470PC1475', '10.31.55.201', '2017-08-29 16:56:53', '0000-00-00 00:00:00', 1, 9),
(444, 'Aopen', 'ACEM470PC1466', '', '2017-08-29 16:56:53', '0000-00-00 00:00:00', 1, 4),
(445, 'Aopen', 'ACEM470PC1458', '10.31.56.12', '2017-08-29 16:56:53', '0000-00-00 00:00:00', 1, 7),
(446, 'Aopen', 'ACEM470PC1441', '', '2017-08-29 16:56:53', '0000-00-00 00:00:00', 1, 6),
(447, 'Aopen', 'ACEM470PC1428', '10.31.56.28', '2017-08-29 16:56:53', '0000-00-00 00:00:00', 1, 7),
(448, 'Aopen', 'ACEM470PC1418', '10.31.56.15', '2017-08-29 16:56:53', '0000-00-00 00:00:00', 1, 7),
(449, 'Aopen', 'ACEM470PC1416', '10.40.42.13', '2017-08-29 16:56:53', '0000-00-00 00:00:00', 1, 13),
(450, 'Aopen', 'ACEM470PC1410', '10.31.53.10', '2017-08-29 16:56:53', '0000-00-00 00:00:00', 1, 10),
(451, 'Aopen', 'ACEM470PC1383', '', '2017-08-29 16:56:53', '0000-00-00 00:00:00', 1, 18),
(452, 'Aopen', 'ACEM470PC1374', '10.31.56.13', '2017-08-29 16:56:53', '0000-00-00 00:00:00', 1, 7),
(453, 'Aopen', 'ACEM470PC1361', '10.40.60.40', '2017-08-29 16:56:53', '0000-00-00 00:00:00', 1, 18),
(454, 'Aopen', 'ACEM470PC1339', '10.31.53.13', '2017-08-29 16:56:53', '0000-00-00 00:00:00', 1, 10),
(455, 'Aopen', 'ACEM470PC1270', '10.31.54.18', '2017-08-29 16:56:53', '0000-00-00 00:00:00', 1, 9),
(456, 'Aopen', 'ACEM470PC1246', '', '2017-08-29 16:56:53', '0000-00-00 00:00:00', 1, 2),
(457, 'Aopen', 'ACEM470PC1238', '10.31.56.16', '2017-08-29 16:56:53', '0000-00-00 00:00:00', 1, 7),
(458, 'Aopen', 'ACEM470PC1232', '10.31.56.10', '2017-08-29 16:56:53', '0000-00-00 00:00:00', 1, 7),
(459, 'Aopen', 'ACEM470PC1205', '10.31.54.19', '2017-08-29 16:56:53', '0000-00-00 00:00:00', 1, 9),
(460, 'Aopen', 'ACEM470PC1197', '10.40.40.12', '2017-08-29 16:56:53', '0000-00-00 00:00:00', 1, 12),
(461, 'Aopen', 'ACEM470PC1188', '10.31.55.11', '2017-08-29 16:56:53', '0000-00-00 00:00:00', 1, 8),
(462, 'Aopen', 'ACEM470PC1171', '10.31.56.17', '2017-08-29 16:56:53', '0000-00-00 00:00:00', 1, 7),
(463, 'Aopen', 'ACEM470PC1083', '10.40.20.15', '2017-08-29 16:56:53', '0000-00-00 00:00:00', 1, 19),
(464, 'Aopen', 'ACEM470PC1049', '10.40.40.51', '2017-08-29 16:56:53', '0000-00-00 00:00:00', 1, 12),
(465, 'Aopen', 'ACEM470PC1031', '10.40.40.11', '2017-08-29 16:56:53', '0000-00-00 00:00:00', 1, 12),
(466, 'Aopen', 'ACEM470PC1023', '10.40.40.10', '2017-08-29 16:56:53', '0000-00-00 00:00:00', 1, 12),
(467, 'Aopen', 'ACEM470PC1011', '10.40.41.52', '2017-08-29 16:56:53', '0000-00-00 00:00:00', 1, 14),
(468, 'Aopen', 'ACEM470PC1007', '10.31.55.200', '2017-08-29 16:56:53', '0000-00-00 00:00:00', 1, 9),
(469, 'Aopen', 'ACEM470PC1004', '', '2017-08-29 16:56:53', '0000-00-00 00:00:00', 1, 18),
(470, 'Aopen', 'ACEM470PC0993', '10.31.56.26', '2017-08-29 16:56:53', '0000-00-00 00:00:00', 1, 7),
(471, 'Aopen', 'ACEM470PC0874', '10.40.49.31', '2017-08-29 16:56:53', '0000-00-00 00:00:00', 1, 14),
(472, 'Aopen', 'ACEM470PC0862', '10.31.56.11', '2017-08-29 16:56:53', '0000-00-00 00:00:00', 1, 7),
(473, 'Aopen', 'ACEM470PC0853', '10.31.56.14', '2017-08-29 16:56:53', '0000-00-00 00:00:00', 1, 7),
(474, 'Aopen', 'ACEM470PC0800', '10.31.56.27', '2017-08-29 16:56:53', '0000-00-00 00:00:00', 1, 7),
(475, 'Aopen', 'ACEM470PC0792', '10.31.56.25', '2017-08-29 16:56:53', '0000-00-00 00:00:00', 1, 7),
(476, 'Aopen', 'ACEM470PC0588', '', '2017-08-29 16:56:53', '0000-00-00 00:00:00', 1, 7),
(477, 'Aopen', 'ACEM470PC0466', '', '2017-08-29 16:56:53', '0000-00-00 00:00:00', 1, 4),
(478, 'Aopen', 'ACEM470PC0310', '10.40.42.10', '2017-08-29 16:56:53', '0000-00-00 00:00:00', 1, 13),
(479, 'Aopen', 'ACEM470PC0252', '10.40.41.14', '2017-08-29 16:56:53', '0000-00-00 00:00:00', 1, 14),
(480, 'Aopen', 'ACEM470PC0067', '', '2017-08-29 16:56:53', '0000-00-00 00:00:00', 1, 4),
(481, 'Aopen', 'ACEM470AC1181', '10.31.54.12', '2017-08-29 16:56:53', '0000-00-00 00:00:00', 1, 9),
(482, 'Aopen', 'ACEM4709C1332', '10.31.53.12', '2017-08-29 16:56:53', '0000-00-00 00:00:00', 1, 10),
(483, 'Lexmark', '72L8XNX', '', '2017-08-29 16:56:53', '0000-00-00 00:00:00', 3, 2),
(484, 'Kodak', '57007701', '', '2017-08-29 16:56:53', '0000-00-00 00:00:00', 4, 2),
(485, 'Kodak', '57007681', '', '2017-08-29 16:56:53', '0000-00-00 00:00:00', 4, 2),
(486, 'Kodak', '57007646', '', '2017-08-29 16:56:53', '0000-00-00 00:00:00', 4, 7),
(487, 'Kodak', '57007629', '', '2017-08-29 16:56:53', '0000-00-00 00:00:00', 4, 12),
(488, 'Kodak', '57007626', '', '2017-08-29 16:56:53', '0000-00-00 00:00:00', 4, 2),
(489, 'Kodak', '57007605', '', '2017-08-29 16:56:53', '0000-00-00 00:00:00', 4, 2),
(490, 'Kodak', '57007519', '', '2017-08-29 16:56:53', '0000-00-00 00:00:00', 4, 8),
(491, 'Kodak', '57007501', '', '2017-08-29 16:56:53', '0000-00-00 00:00:00', 4, 15),
(492, 'Kodak', '570074737', '', '2017-08-29 16:56:53', '0000-00-00 00:00:00', 4, 9),
(493, 'Kodak', '57007458', '', '2017-08-29 16:56:53', '0000-00-00 00:00:00', 4, 2),
(494, 'Kodak', '57007455', '', '2017-08-29 16:56:53', '0000-00-00 00:00:00', 4, 2),
(495, 'Kodak', '57007424', '', '2017-08-29 16:56:53', '0000-00-00 00:00:00', 4, 8),
(496, 'Kodak', '57007354', '', '2017-08-29 16:56:53', '0000-00-00 00:00:00', 4, 2),
(497, 'Kodak', '57007351', '', '2017-08-29 16:56:53', '0000-00-00 00:00:00', 4, 2),
(498, 'Kodak', '57007327', '', '2017-08-29 16:56:53', '0000-00-00 00:00:00', 4, 17),
(499, 'Kodak', '57007325', '', '2017-08-29 16:56:53', '0000-00-00 00:00:00', 4, 2),
(500, 'Kodak', '57007323', '', '2017-08-29 16:56:53', '0000-00-00 00:00:00', 4, 12),
(501, 'Kodak', '57007320', '', '2017-08-29 16:56:53', '0000-00-00 00:00:00', 4, 18),
(502, 'Kodak', '57007306', '', '2017-08-29 16:56:53', '0000-00-00 00:00:00', 4, 7),
(503, 'Kodak', '57007301', '', '2017-08-29 16:56:53', '0000-00-00 00:00:00', 4, 4),
(504, 'Kodak', '57007275', '', '2017-08-29 16:56:53', '0000-00-00 00:00:00', 4, 2),
(505, 'Kodak', '57007235', '', '2017-08-29 16:56:53', '0000-00-00 00:00:00', 4, 17),
(506, 'Kodak', '57007213', '', '2017-08-29 16:56:53', '0000-00-00 00:00:00', 4, 19),
(507, 'Kodak', '57007209', '', '2017-08-29 16:56:53', '0000-00-00 00:00:00', 4, 15),
(508, 'Kodak', '57007195', '', '2017-08-29 16:56:53', '0000-00-00 00:00:00', 4, 4),
(509, 'Kodak', '57007179', '', '2017-08-29 16:56:53', '0000-00-00 00:00:00', 4, 5),
(510, 'Kodak', '57007172', '', '2017-08-29 16:56:53', '0000-00-00 00:00:00', 4, 4),
(511, 'Kodak', '57007167', '', '2017-08-29 16:56:53', '0000-00-00 00:00:00', 4, 13),
(512, 'Kodak', '57007069', '', '2017-08-29 16:56:53', '0000-00-00 00:00:00', 4, 2),
(513, 'Kodak', '570057522', '', '2017-08-29 16:56:53', '0000-00-00 00:00:00', 4, 9),
(514, 'Kodak', '52547580', '', '2017-08-29 16:56:53', '0000-00-00 00:00:00', 4, 9),
(515, 'Acer', '42002668285', '', '2017-08-29 16:56:53', '0000-00-00 00:00:00', 2, 9),
(516, 'Acer', '42002667885', '', '2017-08-29 16:56:53', '0000-00-00 00:00:00', 2, 13),
(517, 'Acer', '42002664785', '', '2017-08-29 16:56:53', '0000-00-00 00:00:00', 2, 13),
(518, 'Acer', '42002664385', '', '2017-08-29 16:56:53', '0000-00-00 00:00:00', 2, 9),
(519, 'Acer', '42002663785', '', '2017-08-29 16:56:53', '0000-00-00 00:00:00', 2, 17),
(520, 'Acer', '42002663185', '', '2017-08-29 16:56:53', '0000-00-00 00:00:00', 2, 17),
(521, 'Acer', '42002662085', '', '2017-08-29 16:56:53', '0000-00-00 00:00:00', 2, 14),
(522, 'Acer', '42002661985', '', '2017-08-29 16:56:53', '0000-00-00 00:00:00', 2, 7),
(523, 'Acer', '42002607685', '', '2017-08-29 16:56:53', '0000-00-00 00:00:00', 2, 19),
(524, 'Acer', '42002607685', '', '2017-08-29 16:56:53', '0000-00-00 00:00:00', 2, 19),
(525, 'Acer', '42002607085', '', '2017-08-29 16:56:53', '0000-00-00 00:00:00', 2, 14),
(526, 'Acer', '42002606285', '', '2017-08-29 16:56:53', '0000-00-00 00:00:00', 2, 12),
(527, 'Acer', '42001607785', '', '2017-08-29 16:56:53', '0000-00-00 00:00:00', 2, 9),
(528, 'Acer', '42001606885', '', '2017-08-29 16:56:53', '0000-00-00 00:00:00', 2, 7),
(529, 'Acer', '42001603785', '', '2017-08-29 16:56:53', '0000-00-00 00:00:00', 2, 12),
(530, 'Acer', '42001600185', '', '2017-08-29 16:56:53', '0000-00-00 00:00:00', 2, 12),
(531, 'Acer', '42001597785', '', '2017-08-29 16:56:53', '0000-00-00 00:00:00', 2, 10),
(532, 'Acer', '42001571385', '', '2017-08-29 16:56:53', '0000-00-00 00:00:00', 2, 17),
(533, 'Acer', '42001558885', '', '2017-08-29 16:56:53', '0000-00-00 00:00:00', 2, 15),
(534, 'Acer', '42001558685', '', '2017-08-29 16:56:53', '0000-00-00 00:00:00', 2, 18),
(535, 'Acer', '42001554389', '', '2017-08-29 16:56:53', '0000-00-00 00:00:00', 2, 17),
(536, 'Acer', '42001550485', '', '2017-08-29 16:56:53', '0000-00-00 00:00:00', 2, 16),
(537, 'Acer', '42001550185', '', '2017-08-29 16:56:53', '0000-00-00 00:00:00', 2, 15),
(538, 'Acer', '42001216785', '', '2017-08-29 16:56:53', '0000-00-00 00:00:00', 2, 7),
(539, 'Acer', '42001214485', '', '2017-08-29 16:56:53', '0000-00-00 00:00:00', 2, 18),
(540, 'Acer', '42001212785', '', '2017-08-29 16:56:53', '0000-00-00 00:00:00', 2, 15),
(541, 'Acer', '42001211585', '', '2017-08-29 16:56:53', '0000-00-00 00:00:00', 2, 15),
(542, 'Acer', '42001182985', '', '2017-08-29 16:56:53', '0000-00-00 00:00:00', 2, 15),
(543, 'Acer', '420011218985', '', '2017-08-29 16:56:53', '0000-00-00 00:00:00', 2, 9),
(544, 'Acer', '42001115585', '', '2017-08-29 16:56:53', '0000-00-00 00:00:00', 2, 12),
(545, 'Acer', '42001114985', '', '2017-08-29 16:56:53', '0000-00-00 00:00:00', 2, 15),
(546, 'Acer', '42001085385', '', '2017-08-29 16:56:53', '0000-00-00 00:00:00', 2, 12),
(547, 'Acer', '42000680F8500', '', '2017-08-29 16:56:53', '0000-00-00 00:00:00', 2, 8),
(548, 'Acer', '42000680C8500', '', '2017-08-29 16:56:53', '0000-00-00 00:00:00', 2, 8),
(549, 'Acer', '41906148585', '', '2017-08-29 16:56:53', '0000-00-00 00:00:00', 2, 17),
(550, 'Acer', '41906147185', '', '2017-08-29 16:56:53', '0000-00-00 00:00:00', 2, 16),
(551, 'Acer', '41906143485', '', '2017-08-29 16:56:53', '0000-00-00 00:00:00', 2, 15),
(552, 'Acer', '41609970685', '', '2017-08-29 16:56:53', '0000-00-00 00:00:00', 2, 19),
(553, 'Acer', '416074508500', '', '2017-08-29 16:56:53', '0000-00-00 00:00:00', 2, 10),
(554, 'Acer', '416074088500', '', '2017-08-29 16:56:53', '0000-00-00 00:00:00', 2, 8),
(555, 'Acer', '416061A08500', '', '2017-08-29 16:56:53', '0000-00-00 00:00:00', 2, 8),
(556, 'Acer', '41606145885', '', '2017-08-29 16:56:53', '0000-00-00 00:00:00', 2, 18),
(557, 'Acer', '41606129885', '', '2017-08-29 16:56:53', '0000-00-00 00:00:00', 2, 18),
(558, 'Acer', '416060A08500', '', '2017-08-29 16:56:53', '0000-00-00 00:00:00', 2, 9);
INSERT INTO `hardware` (`hardwareid`, `hardwarename`, `hardwaresn`, `hardwareip`, `createddate`, `updatedate`, `categoryid`, `prosecutionid`) VALUES
(559, 'Acer', '4160526385', '', '2017-08-29 16:56:53', '0000-00-00 00:00:00', 2, 9),
(560, 'Acer', '41603025085', '', '2017-08-29 16:56:53', '0000-00-00 00:00:00', 2, 4),
(561, 'Acer', '41603024985', '', '2017-08-29 16:56:53', '0000-00-00 00:00:00', 2, 13),
(562, 'Acer', '41603024585', '', '2017-08-29 16:56:53', '0000-00-00 00:00:00', 2, 10),
(563, 'Acer', '41603023085', '', '2017-08-29 16:56:53', '0000-00-00 00:00:00', 2, 13),
(564, 'Acer', '41603022785', '', '2017-08-29 16:56:53', '0000-00-00 00:00:00', 2, 17),
(565, 'Acer', '41603022185', '', '2017-08-29 16:56:53', '0000-00-00 00:00:00', 2, 12),
(566, 'Acer', '41603020685', '', '2017-08-29 16:56:53', '0000-00-00 00:00:00', 2, 17),
(567, 'Acer', '41602982885', '', '2017-08-29 16:56:53', '0000-00-00 00:00:00', 2, 9),
(568, 'Acer', '41602980985', '', '2017-08-29 16:56:53', '0000-00-00 00:00:00', 2, 9),
(569, 'Acer', '41602980585', '', '2017-08-29 16:56:53', '0000-00-00 00:00:00', 2, 12),
(570, 'Acer', '41602976185', '', '2017-08-29 16:56:53', '0000-00-00 00:00:00', 2, 9),
(571, 'Acer', '41602975685', '', '2017-08-29 16:56:53', '0000-00-00 00:00:00', 2, 12),
(572, 'Acer', '41602974384', '', '2017-08-29 16:56:53', '0000-00-00 00:00:00', 2, 19),
(573, 'Acer', '41602972585', '', '2017-08-29 16:56:53', '0000-00-00 00:00:00', 2, 8),
(574, 'Acer', '41602971185', '', '2017-08-29 16:56:53', '0000-00-00 00:00:00', 2, 7),
(575, 'Acer', '41602970885', '', '2017-08-29 16:56:53', '0000-00-00 00:00:00', 2, 9),
(576, 'Acer', '4160296785', '', '2017-08-29 16:56:53', '0000-00-00 00:00:00', 2, 14),
(577, 'Acer', '41602967085', '', '2017-08-29 16:56:53', '0000-00-00 00:00:00', 2, 12),
(578, 'Acer', '41602960985', '', '2017-08-29 16:56:53', '0000-00-00 00:00:00', 2, 9),
(579, 'Acer', '416029371785', '', '2017-08-29 16:56:53', '0000-00-00 00:00:00', 2, 9),
(580, 'Acer', '41602925485', '', '2017-08-29 16:56:53', '0000-00-00 00:00:00', 2, 17),
(581, 'Acer', '41602904185', '', '2017-08-29 16:56:53', '0000-00-00 00:00:00', 2, 18),
(582, 'Acer', '41602870905', '', '2017-08-29 16:56:53', '0000-00-00 00:00:00', 2, 18),
(583, 'Acer', '41602869085', '', '2017-08-29 16:56:53', '0000-00-00 00:00:00', 2, 15),
(584, 'Acer', '41602850085', '', '2017-08-29 16:56:53', '0000-00-00 00:00:00', 2, 7),
(585, 'Acer', '41602508385', '', '2017-08-29 16:56:53', '0000-00-00 00:00:00', 2, 17),
(586, 'Acer', '41602507285', '', '2017-08-29 16:56:53', '0000-00-00 00:00:00', 2, 19),
(587, 'Acer', '41602505685', '', '2017-08-29 16:56:53', '0000-00-00 00:00:00', 2, 7),
(588, 'Acer', '41602503285', '', '2017-08-29 16:56:53', '0000-00-00 00:00:00', 2, 16),
(589, 'Acer', '41602502252', '', '2017-08-29 16:56:53', '0000-00-00 00:00:00', 2, 13),
(590, 'Acer', '41602501185', '', '2017-08-29 16:56:53', '0000-00-00 00:00:00', 2, 13),
(591, 'Acer', '41602500085', '', '2017-08-29 16:56:53', '0000-00-00 00:00:00', 2, 12),
(592, 'Acer', '41602499585', '', '2017-08-29 16:56:53', '0000-00-00 00:00:00', 2, 16),
(593, 'Acer', '41602495285', '', '2017-08-29 16:56:53', '0000-00-00 00:00:00', 2, 18),
(594, 'Acer', '41602490685', '', '2017-08-29 16:56:53', '0000-00-00 00:00:00', 2, 12),
(595, 'Acer', '41602484785', '', '2017-08-29 16:56:53', '0000-00-00 00:00:00', 2, 12),
(596, 'Acer', '41602483885', '', '2017-08-29 16:56:53', '0000-00-00 00:00:00', 2, 10),
(597, 'Acer', '41602483785', '', '2017-08-29 16:56:53', '0000-00-00 00:00:00', 2, 7),
(598, 'Acer', '41602482085', '', '2017-08-29 16:56:53', '0000-00-00 00:00:00', 2, 13),
(599, 'Acer', '41602478385', '', '2017-08-29 16:56:53', '0000-00-00 00:00:00', 2, 14),
(600, 'Acer', '41602478285', '', '2017-08-29 16:56:53', '0000-00-00 00:00:00', 2, 4),
(601, 'Acer', '41602478085', '', '2017-08-29 16:56:53', '0000-00-00 00:00:00', 2, 9),
(602, 'Acer', '41602476985', '', '2017-08-29 16:56:53', '0000-00-00 00:00:00', 2, 9),
(603, 'Acer', '41602461585', '', '2017-08-29 16:56:53', '0000-00-00 00:00:00', 2, 19),
(604, 'Acer', '41602460785', '', '2017-08-29 16:56:53', '0000-00-00 00:00:00', 2, 9),
(605, 'Acer', '41602460585', '', '2017-08-29 16:56:53', '0000-00-00 00:00:00', 2, 13),
(606, 'Acer', '41602460185', '', '2017-08-29 16:56:53', '0000-00-00 00:00:00', 2, 4),
(607, 'Acer', '41602459985', '', '2017-08-29 16:56:53', '0000-00-00 00:00:00', 2, 9),
(608, 'Acer', '41602458485', '', '2017-08-29 16:56:53', '0000-00-00 00:00:00', 2, 14),
(609, 'Acer', '41602451385', '', '2017-08-29 16:56:53', '0000-00-00 00:00:00', 2, 12),
(610, 'Acer', '41602447085', '', '2017-08-29 16:56:53', '0000-00-00 00:00:00', 2, 16),
(611, 'Acer', '41602446685', '', '2017-08-29 16:56:53', '0000-00-00 00:00:00', 2, 15),
(612, 'Acer', '41602415485', '', '2017-08-29 16:56:53', '0000-00-00 00:00:00', 2, 17),
(613, 'Acer', '41602412785', '', '2017-08-29 16:56:53', '0000-00-00 00:00:00', 2, 16),
(614, 'Acer', '41602411985', '', '2017-08-29 16:56:53', '0000-00-00 00:00:00', 2, 15),
(615, 'Acer', '41602410485', '', '2017-08-29 16:56:53', '0000-00-00 00:00:00', 2, 17),
(616, 'Acer', '41602409785', '', '2017-08-29 16:56:53', '0000-00-00 00:00:00', 2, 16),
(617, 'Acer', '41602408585', '', '2017-08-29 16:56:53', '0000-00-00 00:00:00', 2, 7),
(618, 'Acer', '41602406685', '', '2017-08-29 16:56:53', '0000-00-00 00:00:00', 2, 15),
(619, 'Acer', '41602405285', '', '2017-08-29 16:56:53', '0000-00-00 00:00:00', 2, 16),
(620, 'Acer', '41602397785', '', '2017-08-29 16:56:53', '0000-00-00 00:00:00', 2, 14),
(621, 'Acer', '41602397685', '', '2017-08-29 16:56:53', '0000-00-00 00:00:00', 2, 7),
(622, 'Acer', '412001601785', '', '2017-08-29 16:56:53', '0000-00-00 00:00:00', 2, 7),
(623, 'HP', '3CQ28BLWB', '', '2017-08-29 16:56:53', '0000-00-00 00:00:00', 2, 2),
(624, 'HP', '3CQ030CL82', '', '2017-08-29 16:56:53', '0000-00-00 00:00:00', 2, 2),
(625, 'HP', '3CQ028BNIH', '', '2017-08-29 16:56:53', '0000-00-00 00:00:00', 2, 1),
(626, 'HP', '3CQ028BMJJ', '', '2017-08-29 16:56:53', '0000-00-00 00:00:00', 2, 2),
(627, 'HP', '3CQ028BJTZ', '', '2017-08-29 16:56:53', '0000-00-00 00:00:00', 2, 1),
(628, 'Acer', ' 41602396385', '', '2017-08-29 16:56:53', '0000-00-00 00:00:00', 2, 14),
(629, 'Kodak', '  57007494', '', '2017-08-29 16:56:53', '0000-00-00 00:00:00', 4, 16),
(630, 'Acer', '41602481785', '', '2017-08-29 16:56:53', '0000-00-00 00:00:00', 2, 12),
(631, 'Acer', '41602396785', '', '2017-08-29 16:56:53', '0000-00-00 00:00:00', 2, 12),
(632, 'Kodak', '526479377', '', '2017-08-29 16:56:53', '0000-00-00 00:00:00', 4, 13),
(633, 'Kodak', '57007696', '', '2017-08-29 16:56:53', '0000-00-00 00:00:00', 4, 6),
(634, 'Kodak', '57007691', '', '2017-08-29 16:56:53', '0000-00-00 00:00:00', 4, 6),
(635, 'Kodak', '57007690', '', '2017-08-29 16:56:53', '0000-00-00 00:00:00', 4, 5),
(636, 'Kodak', '57007682', '', '2017-08-29 16:56:53', '0000-00-00 00:00:00', 4, 12),
(637, 'Kodak', '57007672', '', '2017-08-29 16:56:53', '0000-00-00 00:00:00', 4, 5),
(638, 'Kodak', '57007658', '', '2017-08-29 16:56:53', '0000-00-00 00:00:00', 4, 6),
(639, 'Kodak', '57007657', '', '2017-08-29 16:56:53', '0000-00-00 00:00:00', 4, 1),
(640, 'Kodak', '57007656', '', '2017-08-29 16:56:53', '0000-00-00 00:00:00', 4, 6),
(641, 'Kodak', '57007651', '', '2017-08-29 16:56:53', '0000-00-00 00:00:00', 4, 5),
(642, 'Kodak', '57007648', '', '2017-08-29 16:56:53', '0000-00-00 00:00:00', 4, 1),
(643, 'Kodak', '57007639', '', '2017-08-29 16:56:53', '0000-00-00 00:00:00', 4, 6),
(644, 'Kodak', '57007607', '', '2017-08-29 16:56:53', '0000-00-00 00:00:00', 4, 5),
(645, 'Kodak', '57007581', '', '2017-08-29 16:56:53', '0000-00-00 00:00:00', 4, 1),
(646, 'Kodak', '57007576', '', '2017-08-29 16:56:53', '0000-00-00 00:00:00', 4, 14),
(647, 'Kodak', '57007470', '', '2017-08-29 16:56:53', '0000-00-00 00:00:00', 4, 1),
(648, 'Kodak', '57007435', '', '2017-08-29 16:56:53', '0000-00-00 00:00:00', 4, 12),
(649, 'Kodak', '57007431', '', '2017-08-29 16:56:53', '0000-00-00 00:00:00', 4, 6),
(650, 'Kodak', '57007366', '', '2017-08-29 16:56:53', '0000-00-00 00:00:00', 4, 1),
(651, 'Kodak', '57007362', '', '2017-08-29 16:56:53', '0000-00-00 00:00:00', 4, 5),
(652, 'Kodak', '57007345', '', '2017-08-29 16:56:53', '0000-00-00 00:00:00', 4, 1),
(653, 'Kodak', '57007328', '', '2017-08-29 16:56:53', '0000-00-00 00:00:00', 4, 1),
(654, 'Kodak', '57007308', '', '2017-08-29 16:56:53', '0000-00-00 00:00:00', 4, 13),
(655, 'Kodak', '57007270', '', '2017-08-29 16:56:53', '0000-00-00 00:00:00', 4, 6),
(656, 'Kodak', '57007177', '', '2017-08-29 16:56:53', '0000-00-00 00:00:00', 4, 5),
(657, 'Kodak', '57007175', '', '2017-08-29 16:56:53', '0000-00-00 00:00:00', 4, 6),
(658, 'Kodak', '57007062', '', '2017-08-29 16:56:53', '0000-00-00 00:00:00', 4, 5),
(659, 'Kodak', '57006794', '', '2017-08-29 16:56:53', '0000-00-00 00:00:00', 4, 6),
(660, 'Kodak', '57006775', '', '2017-08-29 16:56:53', '0000-00-00 00:00:00', 4, 6),
(661, 'Kodak', '52647879', '', '2017-08-29 16:56:53', '0000-00-00 00:00:00', 4, 5),
(662, 'Kodak', '52647858', '', '2017-08-29 16:56:53', '0000-00-00 00:00:00', 4, 14),
(663, '', '42598367', '', '2017-08-29 16:56:53', '0000-00-00 00:00:00', 4, 1),
(664, '', '13278878', '', '2017-08-29 16:56:53', '0000-00-00 00:00:00', 4, 1),
(665, '', '11502678', '', '2017-08-29 16:56:53', '0000-00-00 00:00:00', 4, 1),
(666, 'Aopen', 'ACEM470PC0544', '', '2017-08-29 16:56:53', '0000-00-00 00:00:00', 1, 3),
(667, 'Aopen', 'ACEM470PC0580', '', '2017-08-29 16:56:53', '0000-00-00 00:00:00', 1, 3),
(668, 'Aopen', 'ACEM470PC1073', '', '2017-08-29 16:56:53', '0000-00-00 00:00:00', 1, 3),
(669, 'Aopen', 'ACEM470PC1176', '', '2017-08-29 16:56:53', '0000-00-00 00:00:00', 1, 3),
(670, 'Aopen', 'ACEM470PC1294', '', '2017-08-29 16:56:53', '0000-00-00 00:00:00', 1, 3),
(671, 'Aopen', 'ACEM470PC1296', '', '2017-08-29 16:56:53', '0000-00-00 00:00:00', 1, 3),
(672, 'Aopen', 'ACEM470PC1431', '', '2017-08-29 16:56:53', '0000-00-00 00:00:00', 1, 3),
(673, 'HP', 'TRF2060F7F', '', '2017-08-29 16:56:53', '0000-00-00 00:00:00', 1, 3),
(674, 'HP', 'TRF2060FC0', '', '2017-08-29 16:56:53', '0000-00-00 00:00:00', 1, 3),
(675, 'HP', 'TRF2060FNM', '', '2017-08-29 16:56:53', '0000-00-00 00:00:00', 1, 3),
(676, 'HP', 'TRF2060FNN', '', '2017-08-29 16:56:53', '0000-00-00 00:00:00', 1, 3),
(677, 'HP', 'TRF2060KF6', '', '2017-08-29 16:56:53', '0000-00-00 00:00:00', 1, 3),
(678, 'HP', 'TRF2060KM3', '', '2017-08-29 16:56:53', '0000-00-00 00:00:00', 1, 3),
(679, 'HP', 'TRF2060KNH', '', '2017-08-29 16:56:53', '0000-00-00 00:00:00', 1, 3),
(680, 'HP', 'TRF2060KNJ', '', '2017-08-29 16:56:53', '0000-00-00 00:00:00', 1, 3),
(681, 'HP', 'TRF2060KNK', '', '2017-08-29 16:56:53', '0000-00-00 00:00:00', 1, 3),
(682, 'Kodak', '57006787', '', '2017-08-29 16:56:53', '0000-00-00 00:00:00', 3, 3),
(683, 'Kodak', '57007206', '', '2017-08-29 16:56:53', '0000-00-00 00:00:00', 3, 3),
(684, 'Kodak', '57007537', '', '2017-08-29 16:56:53', '0000-00-00 00:00:00', 3, 3);

-- --------------------------------------------------------

--
-- Table structure for table `job`
--

CREATE TABLE IF NOT EXISTS `job` (
  `jobid` int(11) NOT NULL,
  `jobname` varchar(45) DEFAULT NULL,
  `createddate` datetime DEFAULT CURRENT_TIMESTAMP,
  `updatedate` datetime DEFAULT NULL,
  PRIMARY KEY (`jobid`)
) ENGINE=InnoDB DEFAULT CHARSET=utf8;

--
-- Dumping data for table `job`
--

INSERT INTO `job` (`jobid`, `jobname`, `createddate`, `updatedate`) VALUES
(1, ' ', '2017-08-29 12:09:59', NULL),
(2, '', '2017-08-29 12:09:59', NULL),
(3, 'Data entry', '2017-08-29 12:09:59', NULL);

-- --------------------------------------------------------

--
-- Table structure for table `prosecution`
--

CREATE TABLE IF NOT EXISTS `prosecution` (
  `prosecutionid` int(11) NOT NULL,
  `prosecutionname` varchar(45) DEFAULT NULL,
  `createddate` datetime DEFAULT CURRENT_TIMESTAMP,
  `updatedate` datetime DEFAULT NULL,
  PRIMARY KEY (`prosecutionid`)
) ENGINE=InnoDB DEFAULT CHARSET=utf8;

--
-- Dumping data for table `prosecution`
--

INSERT INTO `prosecution` (`prosecutionid`, `prosecutionname`, `createddate`, `updatedate`) VALUES
(1, ' ', '2017-08-29 12:24:27', NULL),
(2, ' ', '2017-08-29 12:24:27', NULL),
(3, ' ', '2017-08-29 12:24:27', NULL),
(4, ' ', '2017-08-29 12:24:27', NULL),
(5, '', '2017-08-29 12:24:27', NULL),
(6, ' ', '2017-08-29 12:24:27', NULL),
(7, '', '2017-08-29 12:24:27', NULL),
(8, '', '2017-08-29 12:24:27', NULL),
(9, ' ', '2017-08-29 12:24:27', NULL),
(10, '', '2017-08-29 12:24:27', NULL),
(11, '', '2017-08-29 12:24:27', NULL),
(12, ' ', '2017-08-29 12:24:27', NULL),
(13, ' ', '2017-08-29 12:24:27', NULL),
(14, '', '2017-08-29 12:24:27', NULL),
(15, ' ', '2017-08-29 12:24:27', NULL),
(16, ' ', '2017-08-29 12:24:27', NULL),
(17, '', '2017-08-29 12:24:27', NULL),
(18, ' ', '2017-08-29 12:24:27', NULL),
(19, '', '2017-08-29 12:24:27', NULL);

-- --------------------------------------------------------

--
-- Table structure for table `user`
--

CREATE TABLE IF NOT EXISTS `user` (
  `userid` int(11) NOT NULL,
  `username` varchar(45) DEFAULT NULL,
  `userappid` varchar(45) NOT NULL,
  `userapppw` varchar(45) DEFAULT NULL,
  `createddate` datetime DEFAULT CURRENT_TIMESTAMP,
  `updatedate` datetime DEFAULT NULL,
  `prosecutionid` int(11) NOT NULL,
  `jobid` int(11) NOT NULL,
  PRIMARY KEY (`userid`,`prosecutionid`,`jobid`),
  KEY `fk_user_prosecution_idx` (`prosecutionid`),
  KEY `fk_user_job1_idx` (`jobid`)
) ENGINE=InnoDB DEFAULT CHARSET=utf8;

--
-- Dumping data for table `user`
--

INSERT INTO `user` (`userid`, `username`, `userappid`, `userapppw`, `createddate`, `updatedate`, `prosecutionid`, `jobid`) VALUES
(1, 'DATAENTRY', '', '', '2017-08-29 14:25:55', '0000-00-00 00:00:00', 9, 3),
(2, 'DATAENTRY', '', '', '2017-08-29 14:25:55', '0000-00-00 00:00:00', 9, 3),
(3, 'DATAENTRY', '', '', '2017-08-29 14:25:55', '0000-00-00 00:00:00', 8, 3),
(4, 'DATAENTRY', '', '', '2017-08-29 14:25:55', '0000-00-00 00:00:00', 8, 3),
(5, 'DATAENTRY', '', '', '2017-08-29 14:25:55', '0000-00-00 00:00:00', 9, 3),
(6, 'DATAENTRY', '', '', '2017-08-29 14:25:55', '0000-00-00 00:00:00', 9, 3),
(7, 'SCAN ', '', '', '2017-08-29 14:25:55', '0000-00-00 00:00:00', 4, 2),
(8, 'SCAN ', '', '', '2017-08-29 14:25:55', '0000-00-00 00:00:00', 4, 2),
(9, 'SCAN  ', '', '', '2017-08-29 14:25:55', '0000-00-00 00:00:00', 4, 2),
(10, ' ', '', '', '2017-08-29 14:25:55', '0000-00-00 00:00:00', 5, 1),
(11, ' ', '', '', '2017-08-29 14:25:55', '0000-00-00 00:00:00', 5, 1),
(12, ' ', '', '', '2017-08-29 14:25:55', '0000-00-00 00:00:00', 2, 1),
(13, '  ', '', '', '2017-08-29 14:25:55', '0000-00-00 00:00:00', 4, 2),
(14, ' ', '', '', '2017-08-29 14:25:55', '0000-00-00 00:00:00', 2, 2),
(15, ' ', '', '', '2017-08-29 14:25:55', '0000-00-00 00:00:00', 2, 1),
(16, '  ', '', '', '2017-08-29 14:25:55', '0000-00-00 00:00:00', 2, 1),
(17, ' ', '', '', '2017-08-29 14:25:55', '0000-00-00 00:00:00', 5, 2),
(18, '  ', '', '', '2017-08-29 14:25:55', '0000-00-00 00:00:00', 10, 1),
(19, ' ', '', '', '2017-08-29 14:25:55', '0000-00-00 00:00:00', 9, 1),
(20, ' ', '', '', '2017-08-29 14:25:55', '0000-00-00 00:00:00', 2, 2),
(21, ' ', '', '', '2017-08-29 14:25:55', '0000-00-00 00:00:00', 2, 2),
(22, ' ', '', '', '2017-08-29 14:25:55', '0000-00-00 00:00:00', 2, 2),
(23, ' ', '', '', '2017-08-29 14:25:55', '0000-00-00 00:00:00', 5, 2),
(24, '  ', '', '', '2017-08-29 14:25:55', '0000-00-00 00:00:00', 5, 1),
(25, '  ', '', '', '2017-08-29 14:25:55', '0000-00-00 00:00:00', 9, 1),
(26, ' ', '', '', '2017-08-29 14:25:55', '0000-00-00 00:00:00', 4, 2),
(27, ' ', '', '', '2017-08-29 14:25:55', '0000-00-00 00:00:00', 9, 1),
(28, ' ', '', '', '2017-08-29 14:25:55', '0000-00-00 00:00:00', 2, 1),
(29, ' ', '', '', '2017-08-29 14:25:55', '0000-00-00 00:00:00', 9, 1),
(30, ' ', '', '', '2017-08-29 14:25:55', '0000-00-00 00:00:00', 2, 1),
(31, ' ', '', '', '2017-08-29 14:25:55', '0000-00-00 00:00:00', 4, 1),
(32, ' ', '', '', '2017-08-29 14:25:55', '0000-00-00 00:00:00', 4, 1),
(33, '  ', '', '', '2017-08-29 14:25:55', '0000-00-00 00:00:00', 4, 2),
(34, ' ', '', '', '2017-08-29 14:25:55', '0000-00-00 00:00:00', 5, 1),
(35, ' ', '', '', '2017-08-29 14:25:55', '0000-00-00 00:00:00', 2, 2),
(36, ' ', '', '', '2017-08-29 14:25:55', '0000-00-00 00:00:00', 2, 1),
(37, ' ', '', '', '2017-08-29 14:25:55', '0000-00-00 00:00:00', 5, 1),
(38, ' ', '', '', '2017-08-29 14:25:55', '0000-00-00 00:00:00', 2, 1),
(39, ' ', '', '', '2017-08-29 14:25:55', '0000-00-00 00:00:00', 9, 1),
(40, '  ', '', '', '2017-08-29 14:25:55', '0000-00-00 00:00:00', 5, 2),
(41, '   ', '', '', '2017-08-29 14:25:55', '0000-00-00 00:00:00', 4, 2),
(42, '   ', '', '', '2017-08-29 14:25:55', '0000-00-00 00:00:00', 4, 2),
(43, '', '', '', '2017-08-29 14:25:55', '0000-00-00 00:00:00', 7, 2),
(44, '  ', '', '', '2017-08-29 14:25:55', '0000-00-00 00:00:00', 5, 2),
(45, '  ', '', '', '2017-08-29 14:25:55', '0000-00-00 00:00:00', 2, 2),
(46, ' ', '', '', '2017-08-29 14:25:55', '0000-00-00 00:00:00', 5, 2),
(47, '  ', '', '', '2017-08-29 14:25:55', '0000-00-00 00:00:00', 5, 2),
(48, '  ', '', '', '2017-08-29 14:25:55', '0000-00-00 00:00:00', 4, 2),
(49, ' ', '', '', '2017-08-29 14:25:55', '0000-00-00 00:00:00', 2, 2),
(50, '  ', '', '', '2017-08-29 14:25:55', '0000-00-00 00:00:00', 5, 2),
(51, ' ', '', '', '2017-08-29 14:25:55', '0000-00-00 00:00:00', 5, 2),
(52, ' ', '', '', '2017-08-29 14:25:55', '0000-00-00 00:00:00', 2, 2),
(53, '  ', '', '', '2017-08-29 14:25:55', '0000-00-00 00:00:00', 2, 1),
(54, '  ', '', '', '2017-08-29 14:25:55', '0000-00-00 00:00:00', 2, 2),
(55, ' ', '', '', '2017-08-29 14:25:55', '0000-00-00 00:00:00', 9, 2),
(56, '   ', '', '', '2017-08-29 14:25:55', '0000-00-00 00:00:00', 4, 2),
(57, ' ', '', '', '2017-08-29 14:25:55', '0000-00-00 00:00:00', 9, 1),
(58, ' ', '', '', '2017-08-29 14:25:55', '0000-00-00 00:00:00', 5, 1),
(59, '   ', '', '', '2017-08-29 14:25:55', '0000-00-00 00:00:00', 10, 1),
(60, '  ', '', '', '2017-08-29 14:25:55', '0000-00-00 00:00:00', 4, 2),
(61, '   ', '', '', '2017-08-29 14:25:55', '0000-00-00 00:00:00', 2, 2),
(62, ' ', '', '', '2017-08-29 14:25:55', '0000-00-00 00:00:00', 2, 2),
(63, '  ', '', '', '2017-08-29 14:25:55', '0000-00-00 00:00:00', 4, 2),
(64, ' ', '', '', '2017-08-29 14:25:55', '0000-00-00 00:00:00', 5, 2),
(65, ' ', '', '', '2017-08-29 14:25:55', '0000-00-00 00:00:00', 10, 1),
(66, ' ', '', '', '2017-08-29 14:25:55', '0000-00-00 00:00:00', 5, 2),
(67, ' ', '', '', '2017-08-29 14:25:55', '0000-00-00 00:00:00', 10, 1),
(68, '  ', '', '', '2017-08-29 14:25:55', '0000-00-00 00:00:00', 4, 2),
(69, ' ', '', '', '2017-08-29 14:25:55', '0000-00-00 00:00:00', 2, 2),
(70, ' ', '', '', '2017-08-29 14:25:55', '0000-00-00 00:00:00', 2, 2),
(71, '  ', '', '', '2017-08-29 14:25:55', '0000-00-00 00:00:00', 8, 1),
(72, '  ', '', '', '2017-08-29 14:25:55', '0000-00-00 00:00:00', 9, 1),
(73, ' ', '', '', '2017-08-29 14:25:55', '0000-00-00 00:00:00', 2, 2),
(74, ' ', '', '', '2017-08-29 14:25:55', '0000-00-00 00:00:00', 2, 1),
(75, ' ', '', '', '2017-08-29 14:25:55', '0000-00-00 00:00:00', 9, 1),
(76, ' ', '', '', '2017-08-29 14:25:55', '0000-00-00 00:00:00', 4, 2),
(77, '  ', '', '', '2017-08-29 14:25:55', '0000-00-00 00:00:00', 9, 1),
(78, '  ', '', '', '2017-08-29 14:25:55', '0000-00-00 00:00:00', 9, 1),
(79, ' ', '', '', '2017-08-29 14:25:55', '0000-00-00 00:00:00', 2, 2),
(80, '  ', '', '', '2017-08-29 14:25:55', '0000-00-00 00:00:00', 4, 2),
(81, ' ', '', '', '2017-08-29 14:25:55', '0000-00-00 00:00:00', 2, 1),
(82, ' ', '', '', '2017-08-29 14:25:55', '0000-00-00 00:00:00', 8, 1),
(83, ' ', '', '', '2017-08-29 14:25:55', '0000-00-00 00:00:00', 8, 1),
(84, ' ', '', '', '2017-08-29 14:25:55', '0000-00-00 00:00:00', 9, 1),
(85, '   ', '', '', '2017-08-29 14:25:55', '0000-00-00 00:00:00', 4, 2),
(86, '  ', '', '', '2017-08-29 14:25:55', '0000-00-00 00:00:00', 2, 1),
(87, '  ', '', '', '2017-08-29 14:25:55', '0000-00-00 00:00:00', 5, 1),
(88, ' ', '', '', '2017-08-29 14:25:55', '0000-00-00 00:00:00', 2, 1),
(89, '  ', '', '', '2017-08-29 14:25:55', '0000-00-00 00:00:00', 4, 2),
(90, ' ', '', '', '2017-08-29 14:25:55', '0000-00-00 00:00:00', 2, 1),
(91, '  ', '', '', '2017-08-29 14:25:55', '0000-00-00 00:00:00', 4, 2),
(92, ' ', '', '', '2017-08-29 14:25:55', '0000-00-00 00:00:00', 2, 2),
(93, ' ', '', '', '2017-08-29 14:25:55', '0000-00-00 00:00:00', 2, 2),
(94, '   ', '', '', '2017-08-29 14:25:55', '0000-00-00 00:00:00', 2, 2),
(95, ' ', '', '', '2017-08-29 14:25:55', '0000-00-00 00:00:00', 2, 2),
(96, '', '', '', '2017-08-29 14:25:55', '0000-00-00 00:00:00', 7, 2),
(97, 'DATAENTRY', '', '', '2017-08-29 14:25:55', '0000-00-00 00:00:00', 7, 3),
(98, 'DATAENTRY', '', '', '2017-08-29 14:25:55', '0000-00-00 00:00:00', 14, 3),
(99, 'DATAENTRY', '', '', '2017-08-29 14:25:55', '0000-00-00 00:00:00', 12, 3),
(100, 'DATAENTRY', '', '', '2017-08-29 14:25:55', '0000-00-00 00:00:00', 18, 3),
(101, 'DATAENTRY', '', '', '2017-08-29 14:25:55', '0000-00-00 00:00:00', 7, 3),
(102, 'DATAENTRY', '', '', '2017-08-29 14:25:55', '0000-00-00 00:00:00', 19, 3),
(103, 'DATAENTRY', '', '', '2017-08-29 14:25:55', '0000-00-00 00:00:00', 13, 3),
(104, 'DATAENTRY', '', '', '2017-08-29 14:25:55', '0000-00-00 00:00:00', 12, 3),
(105, 'DATAENTRY', '', '', '2017-08-29 14:25:55', '0000-00-00 00:00:00', 13, 3),
(106, 'DATAENTRY', '', '', '2017-08-29 14:25:55', '0000-00-00 00:00:00', 12, 3),
(107, 'DATAENTRY', '', '', '2017-08-29 14:25:55', '0000-00-00 00:00:00', 17, 3),
(108, 'DATAENTRY', '', '', '2017-08-29 14:25:55', '0000-00-00 00:00:00', 17, 3),
(109, 'DATAENTRY', '', '', '2017-08-29 14:25:55', '0000-00-00 00:00:00', 15, 3),
(110, 'DATAENTRY', '', '', '2017-08-29 14:25:55', '0000-00-00 00:00:00', 15, 3),
(111, 'DATAENTRY', '', '', '2017-08-29 14:25:55', '0000-00-00 00:00:00', 16, 3),
(112, 'DATAENTRY', '', '', '2017-08-29 14:25:55', '0000-00-00 00:00:00', 16, 3);

-- --------------------------------------------------------

--
-- Table structure for table `user_has_hardware`
--

CREATE TABLE IF NOT EXISTS `user_has_hardware` (
  `userid` int(11) NOT NULL,
  `hardwareid` int(11) NOT NULL,
  `status` int(11) DEFAULT NULL,
  `createddate` datetime DEFAULT CURRENT_TIMESTAMP,
  `updatedate` datetime DEFAULT NULL,
  PRIMARY KEY (`userid`,`hardwareid`),
  KEY `fk_user_has_hardware_hardware1_idx` (`hardwareid`),
  KEY `fk_user_has_hardware_user1_idx` (`userid`)
) ENGINE=InnoDB DEFAULT CHARSET=utf8;

--
-- Dumping data for table `user_has_hardware`
--

INSERT INTO `user_has_hardware` (`userid`, `hardwareid`, `status`, `createddate`, `updatedate`) VALUES
(1, 468, 1, '2017-08-29 16:32:22', '0000-00-00 00:00:00'),
(1, 514, 1, '2017-08-29 16:32:22', '0000-00-00 00:00:00'),
(1, 568, 1, '2017-08-29 16:32:22', '0000-00-00 00:00:00'),
(2, 443, 1, '2017-08-29 16:32:22', '0000-00-00 00:00:00'),
(2, 513, 1, '2017-08-29 16:32:22', '0000-00-00 00:00:00'),
(2, 607, 1, '2017-08-29 16:32:22', '0000-00-00 00:00:00'),
(3, 425, 1, '2017-08-29 16:32:22', '0000-00-00 00:00:00'),
(3, 495, 1, '2017-08-29 16:32:22', '0000-00-00 00:00:00'),
(3, 554, 1, '2017-08-29 16:32:22', '0000-00-00 00:00:00'),
(4, 414, 1, '2017-08-29 16:32:22', '0000-00-00 00:00:00'),
(4, 490, 1, '2017-08-29 16:32:22', '0000-00-00 00:00:00'),
(4, 547, 1, '2017-08-29 16:32:22', '0000-00-00 00:00:00'),
(5, 406, 1, '2017-08-29 16:32:23', '0000-00-00 00:00:00'),
(5, 543, 1, '2017-08-29 16:32:23', '0000-00-00 00:00:00'),
(6, 404, 1, '2017-08-29 16:32:23', '0000-00-00 00:00:00'),
(6, 492, 1, '2017-08-29 16:32:23', '0000-00-00 00:00:00'),
(6, 515, 1, '2017-08-29 16:32:23', '0000-00-00 00:00:00'),
(7, 480, 1, '2017-08-29 16:32:23', '0000-00-00 00:00:00'),
(7, 508, 1, '2017-08-29 16:32:23', '0000-00-00 00:00:00'),
(7, 560, 1, '2017-08-29 16:32:23', '0000-00-00 00:00:00'),
(8, 477, 1, '2017-08-29 16:32:23', '0000-00-00 00:00:00'),
(8, 510, 1, '2017-08-29 16:32:23', '0000-00-00 00:00:00'),
(8, 600, 1, '2017-08-29 16:32:23', '0000-00-00 00:00:00'),
(9, 444, 1, '2017-08-29 16:32:23', '0000-00-00 00:00:00'),
(9, 503, 1, '2017-08-29 16:32:23', '0000-00-00 00:00:00'),
(9, 606, 1, '2017-08-29 16:32:23', '0000-00-00 00:00:00'),
(10, 39, 1, '2017-08-29 16:32:22', '0000-00-00 00:00:00'),
(10, 168, 1, '2017-08-29 16:32:22', '0000-00-00 00:00:00'),
(10, 385, 1, '2017-08-29 16:32:22', '0000-00-00 00:00:00'),
(10, 656, 1, '2017-08-29 16:32:22', '0000-00-00 00:00:00'),
(11, 18, 1, '2017-08-29 16:32:22', '0000-00-00 00:00:00'),
(11, 377, 1, '2017-08-29 16:32:22', '0000-00-00 00:00:00'),
(11, 651, 1, '2017-08-29 16:32:22', '0000-00-00 00:00:00'),
(12, 98, 1, '2017-08-29 16:32:22', '0000-00-00 00:00:00'),
(12, 255, 1, '2017-08-29 16:32:22', '0000-00-00 00:00:00'),
(12, 308, 1, '2017-08-29 16:32:22', '0000-00-00 00:00:00'),
(12, 488, 1, '2017-08-29 16:32:22', '0000-00-00 00:00:00'),
(13, 46, 1, '2017-08-29 16:32:22', '0000-00-00 00:00:00'),
(13, 380, 1, '2017-08-29 16:32:22', '0000-00-00 00:00:00'),
(14, 261, 1, '2017-08-29 16:32:22', '0000-00-00 00:00:00'),
(14, 319, 1, '2017-08-29 16:32:22', '0000-00-00 00:00:00'),
(15, 223, 1, '2017-08-29 16:32:22', '0000-00-00 00:00:00'),
(15, 285, 1, '2017-08-29 16:32:22', '0000-00-00 00:00:00'),
(15, 493, 1, '2017-08-29 16:32:22', '0000-00-00 00:00:00'),
(16, 146, 1, '2017-08-29 16:32:22', '0000-00-00 00:00:00'),
(16, 251, 1, '2017-08-29 16:32:22', '0000-00-00 00:00:00'),
(16, 456, 1, '2017-08-29 16:32:22', '0000-00-00 00:00:00'),
(16, 484, 1, '2017-08-29 16:32:22', '0000-00-00 00:00:00'),
(17, 62, 1, '2017-08-29 16:32:22', '0000-00-00 00:00:00'),
(17, 335, 1, '2017-08-29 16:32:22', '0000-00-00 00:00:00'),
(18, 121, 1, '2017-08-29 16:32:22', '0000-00-00 00:00:00'),
(18, 454, 1, '2017-08-29 16:32:22', '0000-00-00 00:00:00'),
(18, 562, 1, '2017-08-29 16:32:22', '0000-00-00 00:00:00'),
(19, 455, 1, '2017-08-29 16:32:22', '0000-00-00 00:00:00'),
(19, 570, 1, '2017-08-29 16:32:22', '0000-00-00 00:00:00'),
(20, 326, 1, '2017-08-29 16:32:22', '0000-00-00 00:00:00'),
(20, 624, 1, '2017-08-29 16:32:22', '0000-00-00 00:00:00'),
(21, 327, 1, '2017-08-29 16:32:22', '0000-00-00 00:00:00'),
(21, 332, 1, '2017-08-29 16:32:22', '0000-00-00 00:00:00'),
(21, 623, 1, '2017-08-29 16:32:22', '0000-00-00 00:00:00'),
(22, 152, 1, '2017-08-29 16:32:22', '0000-00-00 00:00:00'),
(23, 15, 1, '2017-08-29 16:32:22', '0000-00-00 00:00:00'),
(23, 393, 1, '2017-08-29 16:32:22', '0000-00-00 00:00:00'),
(23, 509, 1, '2017-08-29 16:32:22', '0000-00-00 00:00:00'),
(24, 8, 1, '2017-08-29 16:32:22', '0000-00-00 00:00:00'),
(24, 164, 1, '2017-08-29 16:32:22', '0000-00-00 00:00:00'),
(24, 387, 1, '2017-08-29 16:32:22', '0000-00-00 00:00:00'),
(24, 635, 1, '2017-08-29 16:32:22', '0000-00-00 00:00:00'),
(25, 110, 1, '2017-08-29 16:32:22', '0000-00-00 00:00:00'),
(25, 438, 1, '2017-08-29 16:32:22', '0000-00-00 00:00:00'),
(25, 527, 1, '2017-08-29 16:32:22', '0000-00-00 00:00:00'),
(26, 29, 1, '2017-08-29 16:32:22', '0000-00-00 00:00:00'),
(26, 345, 1, '2017-08-29 16:32:22', '0000-00-00 00:00:00'),
(27, 131, 1, '2017-08-29 16:32:22', '0000-00-00 00:00:00'),
(27, 481, 1, '2017-08-29 16:32:22', '0000-00-00 00:00:00'),
(27, 604, 1, '2017-08-29 16:32:22', '0000-00-00 00:00:00'),
(28, 325, 1, '2017-08-29 16:32:22', '0000-00-00 00:00:00'),
(28, 504, 1, '2017-08-29 16:32:22', '0000-00-00 00:00:00'),
(28, 626, 1, '2017-08-29 16:32:22', '0000-00-00 00:00:00'),
(29, 81, 1, '2017-08-29 16:32:22', '0000-00-00 00:00:00'),
(29, 413, 1, '2017-08-29 16:32:22', '0000-00-00 00:00:00'),
(29, 567, 1, '2017-08-29 16:32:22', '0000-00-00 00:00:00'),
(30, 73, 1, '2017-08-29 16:32:22', '0000-00-00 00:00:00'),
(30, 260, 1, '2017-08-29 16:32:22', '0000-00-00 00:00:00'),
(30, 316, 1, '2017-08-29 16:32:22', '0000-00-00 00:00:00'),
(30, 485, 1, '2017-08-29 16:32:22', '0000-00-00 00:00:00'),
(31, 25, 1, '2017-08-29 16:32:22', '0000-00-00 00:00:00'),
(31, 130, 1, '2017-08-29 16:32:22', '0000-00-00 00:00:00'),
(31, 372, 1, '2017-08-29 16:32:22', '0000-00-00 00:00:00'),
(32, 4, 1, '2017-08-29 16:32:22', '0000-00-00 00:00:00'),
(32, 10, 1, '2017-08-29 16:32:22', '0000-00-00 00:00:00'),
(32, 141, 1, '2017-08-29 16:32:22', '0000-00-00 00:00:00'),
(33, 33, 1, '2017-08-29 16:32:22', '0000-00-00 00:00:00'),
(33, 373, 1, '2017-08-29 16:32:22', '0000-00-00 00:00:00'),
(34, 1, 1, '2017-08-29 16:32:22', '0000-00-00 00:00:00'),
(34, 31, 1, '2017-08-29 16:32:22', '0000-00-00 00:00:00'),
(34, 384, 1, '2017-08-29 16:32:22', '0000-00-00 00:00:00'),
(34, 637, 1, '2017-08-29 16:32:22', '0000-00-00 00:00:00'),
(35, 209, 1, '2017-08-29 16:32:22', '0000-00-00 00:00:00'),
(35, 315, 1, '2017-08-29 16:32:22', '0000-00-00 00:00:00'),
(36, 229, 1, '2017-08-29 16:32:22', '0000-00-00 00:00:00'),
(36, 290, 1, '2017-08-29 16:32:22', '0000-00-00 00:00:00'),
(37, 45, 1, '2017-08-29 16:32:22', '0000-00-00 00:00:00'),
(37, 108, 1, '2017-08-29 16:32:22', '0000-00-00 00:00:00'),
(37, 337, 1, '2017-08-29 16:32:22', '0000-00-00 00:00:00'),
(37, 641, 1, '2017-08-29 16:32:22', '0000-00-00 00:00:00'),
(38, 266, 1, '2017-08-29 16:32:22', '0000-00-00 00:00:00'),
(38, 322, 1, '2017-08-29 16:32:22', '0000-00-00 00:00:00'),
(39, 421, 1, '2017-08-29 16:32:22', '0000-00-00 00:00:00'),
(39, 601, 1, '2017-08-29 16:32:22', '0000-00-00 00:00:00'),
(40, 13, 1, '2017-08-29 16:32:22', '0000-00-00 00:00:00'),
(40, 349, 1, '2017-08-29 16:32:22', '0000-00-00 00:00:00'),
(41, 57, 1, '2017-08-29 16:32:22', '0000-00-00 00:00:00'),
(41, 374, 1, '2017-08-29 16:32:22', '0000-00-00 00:00:00'),
(42, 30, 1, '2017-08-29 16:32:22', '0000-00-00 00:00:00'),
(42, 361, 1, '2017-08-29 16:32:23', '0000-00-00 00:00:00'),
(43, 150, 1, '2017-08-29 16:32:23', '0000-00-00 00:00:00'),
(43, 470, 1, '2017-08-29 16:32:23', '0000-00-00 00:00:00'),
(43, 528, 1, '2017-08-29 16:32:23', '0000-00-00 00:00:00'),
(44, 24, 1, '2017-08-29 16:32:23', '0000-00-00 00:00:00'),
(44, 333, 1, '2017-08-29 16:32:23', '0000-00-00 00:00:00'),
(45, 239, 1, '2017-08-29 16:32:23', '0000-00-00 00:00:00'),
(45, 323, 1, '2017-08-29 16:32:23', '0000-00-00 00:00:00'),
(46, 5, 1, '2017-08-29 16:32:23', '0000-00-00 00:00:00'),
(46, 12, 1, '2017-08-29 16:32:23', '0000-00-00 00:00:00'),
(47, 32, 1, '2017-08-29 16:32:23', '0000-00-00 00:00:00'),
(47, 166, 1, '2017-08-29 16:32:23', '0000-00-00 00:00:00'),
(47, 358, 1, '2017-08-29 16:32:23', '0000-00-00 00:00:00'),
(48, 16, 1, '2017-08-29 16:32:23', '0000-00-00 00:00:00'),
(48, 383, 1, '2017-08-29 16:32:23', '0000-00-00 00:00:00'),
(49, 210, 1, '2017-08-29 16:32:23', '0000-00-00 00:00:00'),
(49, 277, 1, '2017-08-29 16:32:23', '0000-00-00 00:00:00'),
(49, 395, 1, '2017-08-29 16:32:23', '0000-00-00 00:00:00'),
(50, 53, 1, '2017-08-29 16:32:23', '0000-00-00 00:00:00'),
(50, 356, 1, '2017-08-29 16:32:23', '0000-00-00 00:00:00'),
(51, 35, 1, '2017-08-29 16:32:23', '0000-00-00 00:00:00'),
(51, 357, 1, '2017-08-29 16:32:23', '0000-00-00 00:00:00'),
(52, 238, 1, '2017-08-29 16:32:23', '0000-00-00 00:00:00'),
(52, 287, 1, '2017-08-29 16:32:23', '0000-00-00 00:00:00'),
(52, 483, 1, '2017-08-29 16:32:23', '0000-00-00 00:00:00'),
(53, 218, 1, '2017-08-29 16:32:23', '0000-00-00 00:00:00'),
(53, 320, 1, '2017-08-29 16:32:23', '0000-00-00 00:00:00'),
(53, 489, 1, '2017-08-29 16:32:23', '0000-00-00 00:00:00'),
(54, 153, 1, '2017-08-29 16:32:23', '0000-00-00 00:00:00'),
(54, 221, 1, '2017-08-29 16:32:23', '0000-00-00 00:00:00'),
(55, 420, 1, '2017-08-29 16:32:23', '0000-00-00 00:00:00'),
(55, 575, 1, '2017-08-29 16:32:23', '0000-00-00 00:00:00'),
(56, 7, 1, '2017-08-29 16:32:23', '0000-00-00 00:00:00'),
(56, 47, 1, '2017-08-29 16:32:23', '0000-00-00 00:00:00'),
(57, 63, 1, '2017-08-29 16:32:23', '0000-00-00 00:00:00'),
(57, 398, 1, '2017-08-29 16:32:23', '0000-00-00 00:00:00'),
(57, 579, 1, '2017-08-29 16:32:23', '0000-00-00 00:00:00'),
(58, 2, 1, '2017-08-29 16:32:23', '0000-00-00 00:00:00'),
(58, 288, 1, '2017-08-29 16:32:23', '0000-00-00 00:00:00'),
(58, 348, 1, '2017-08-29 16:32:23', '0000-00-00 00:00:00'),
(58, 644, 1, '2017-08-29 16:32:23', '0000-00-00 00:00:00'),
(59, 99, 1, '2017-08-29 16:32:23', '0000-00-00 00:00:00'),
(59, 450, 1, '2017-08-29 16:32:23', '0000-00-00 00:00:00'),
(59, 553, 1, '2017-08-29 16:32:23', '0000-00-00 00:00:00'),
(60, 55, 1, '2017-08-29 16:32:23', '0000-00-00 00:00:00'),
(60, 370, 1, '2017-08-29 16:32:23', '0000-00-00 00:00:00'),
(61, 231, 1, '2017-08-29 16:32:23', '0000-00-00 00:00:00'),
(61, 279, 1, '2017-08-29 16:32:23', '0000-00-00 00:00:00'),
(62, 253, 1, '2017-08-29 16:32:23', '0000-00-00 00:00:00'),
(62, 272, 1, '2017-08-29 16:32:23', '0000-00-00 00:00:00'),
(63, 59, 1, '2017-08-29 16:32:23', '0000-00-00 00:00:00'),
(63, 378, 1, '2017-08-29 16:32:23', '0000-00-00 00:00:00'),
(64, 14, 1, '2017-08-29 16:32:23', '0000-00-00 00:00:00'),
(64, 344, 1, '2017-08-29 16:32:23', '0000-00-00 00:00:00'),
(64, 658, 1, '2017-08-29 16:32:23', '0000-00-00 00:00:00'),
(64, 661, 1, '2017-08-29 16:32:23', '0000-00-00 00:00:00'),
(65, 95, 1, '2017-08-29 16:32:23', '0000-00-00 00:00:00'),
(65, 437, 1, '2017-08-29 16:32:23', '0000-00-00 00:00:00'),
(65, 531, 1, '2017-08-29 16:32:23', '0000-00-00 00:00:00'),
(66, 11, 1, '2017-08-29 16:32:23', '0000-00-00 00:00:00'),
(66, 352, 1, '2017-08-29 16:32:23', '0000-00-00 00:00:00'),
(67, 482, 1, '2017-08-29 16:32:23', '0000-00-00 00:00:00'),
(67, 596, 1, '2017-08-29 16:32:23', '0000-00-00 00:00:00'),
(68, 54, 1, '2017-08-29 16:32:23', '0000-00-00 00:00:00'),
(68, 381, 1, '2017-08-29 16:32:23', '0000-00-00 00:00:00'),
(69, 174, 1, '2017-08-29 16:32:23', '0000-00-00 00:00:00'),
(69, 230, 1, '2017-08-29 16:32:23', '0000-00-00 00:00:00'),
(69, 293, 1, '2017-08-29 16:32:23', '0000-00-00 00:00:00'),
(70, 170, 1, '2017-08-29 16:32:23', '0000-00-00 00:00:00'),
(70, 224, 1, '2017-08-29 16:32:23', '0000-00-00 00:00:00'),
(70, 305, 1, '2017-08-29 16:32:23', '0000-00-00 00:00:00'),
(71, 136, 1, '2017-08-29 16:32:23', '0000-00-00 00:00:00'),
(71, 408, 1, '2017-08-29 16:32:23', '0000-00-00 00:00:00'),
(71, 573, 1, '2017-08-29 16:32:23', '0000-00-00 00:00:00'),
(72, 133, 1, '2017-08-29 16:32:23', '0000-00-00 00:00:00'),
(72, 459, 1, '2017-08-29 16:32:23', '0000-00-00 00:00:00'),
(72, 578, 1, '2017-08-29 16:32:23', '0000-00-00 00:00:00'),
(73, 243, 1, '2017-08-29 16:32:23', '0000-00-00 00:00:00'),
(73, 309, 1, '2017-08-29 16:32:23', '0000-00-00 00:00:00'),
(74, 91, 1, '2017-08-29 16:32:23', '0000-00-00 00:00:00'),
(74, 269, 1, '2017-08-29 16:32:23', '0000-00-00 00:00:00'),
(74, 273, 1, '2017-08-29 16:32:23', '0000-00-00 00:00:00'),
(74, 512, 1, '2017-08-29 16:32:23', '0000-00-00 00:00:00'),
(75, 139, 1, '2017-08-29 16:32:23', '0000-00-00 00:00:00'),
(75, 426, 1, '2017-08-29 16:32:23', '0000-00-00 00:00:00'),
(75, 518, 1, '2017-08-29 16:32:23', '0000-00-00 00:00:00'),
(76, 48, 1, '2017-08-29 16:32:23', '0000-00-00 00:00:00'),
(76, 233, 1, '2017-08-29 16:32:23', '0000-00-00 00:00:00'),
(77, 112, 1, '2017-08-29 16:32:23', '0000-00-00 00:00:00'),
(77, 401, 1, '2017-08-29 16:32:23', '0000-00-00 00:00:00'),
(77, 558, 1, '2017-08-29 16:32:23', '0000-00-00 00:00:00'),
(78, 411, 1, '2017-08-29 16:32:23', '0000-00-00 00:00:00'),
(78, 602, 1, '2017-08-29 16:32:23', '0000-00-00 00:00:00'),
(79, 242, 1, '2017-08-29 16:32:23', '0000-00-00 00:00:00'),
(79, 312, 1, '2017-08-29 16:32:23', '0000-00-00 00:00:00'),
(80, 19, 1, '2017-08-29 16:32:23', '0000-00-00 00:00:00'),
(80, 369, 1, '2017-08-29 16:32:23', '0000-00-00 00:00:00'),
(81, 241, 1, '2017-08-29 16:32:23', '0000-00-00 00:00:00'),
(81, 282, 1, '2017-08-29 16:32:23', '0000-00-00 00:00:00'),
(81, 499, 1, '2017-08-29 16:32:23', '0000-00-00 00:00:00'),
(82, 140, 1, '2017-08-29 16:32:23', '0000-00-00 00:00:00'),
(82, 403, 1, '2017-08-29 16:32:23', '0000-00-00 00:00:00'),
(82, 548, 1, '2017-08-29 16:32:23', '0000-00-00 00:00:00'),
(83, 68, 1, '2017-08-29 16:32:23', '0000-00-00 00:00:00'),
(83, 461, 1, '2017-08-29 16:32:23', '0000-00-00 00:00:00'),
(83, 555, 1, '2017-08-29 16:32:23', '0000-00-00 00:00:00'),
(84, 115, 1, '2017-08-29 16:32:23', '0000-00-00 00:00:00'),
(84, 396, 1, '2017-08-29 16:32:23', '0000-00-00 00:00:00'),
(84, 559, 1, '2017-08-29 16:32:23', '0000-00-00 00:00:00'),
(85, 56, 1, '2017-08-29 16:32:23', '0000-00-00 00:00:00'),
(85, 382, 1, '2017-08-29 16:32:23', '0000-00-00 00:00:00'),
(86, 208, 1, '2017-08-29 16:32:23', '0000-00-00 00:00:00'),
(86, 303, 1, '2017-08-29 16:32:23', '0000-00-00 00:00:00'),
(86, 496, 1, '2017-08-29 16:32:23', '0000-00-00 00:00:00'),
(87, 165, 1, '2017-08-29 16:32:23', '0000-00-00 00:00:00'),
(87, 256, 1, '2017-08-29 16:32:23', '0000-00-00 00:00:00'),
(87, 301, 1, '2017-08-29 16:32:23', '0000-00-00 00:00:00'),
(88, 258, 1, '2017-08-29 16:32:23', '0000-00-00 00:00:00'),
(88, 306, 1, '2017-08-29 16:32:23', '0000-00-00 00:00:00'),
(88, 331, 1, '2017-08-29 16:32:23', '0000-00-00 00:00:00'),
(88, 497, 1, '2017-08-29 16:32:23', '0000-00-00 00:00:00'),
(89, 58, 1, '2017-08-29 16:32:23', '0000-00-00 00:00:00'),
(89, 354, 1, '2017-08-29 16:32:23', '0000-00-00 00:00:00'),
(90, 207, 1, '2017-08-29 16:32:23', '0000-00-00 00:00:00'),
(90, 280, 1, '2017-08-29 16:32:23', '0000-00-00 00:00:00'),
(90, 394, 1, '2017-08-29 16:32:23', '0000-00-00 00:00:00'),
(90, 494, 1, '2017-08-29 16:32:23', '0000-00-00 00:00:00'),
(91, 50, 1, '2017-08-29 16:32:23', '0000-00-00 00:00:00'),
(91, 371, 1, '2017-08-29 16:32:23', '0000-00-00 00:00:00'),
(92, 169, 1, '2017-08-29 16:32:23', '0000-00-00 00:00:00'),
(92, 265, 1, '2017-08-29 16:32:23', '0000-00-00 00:00:00'),
(92, 310, 1, '2017-08-29 16:32:23', '0000-00-00 00:00:00'),
(93, 257, 1, '2017-08-29 16:32:23', '0000-00-00 00:00:00'),
(93, 307, 1, '2017-08-29 16:32:23', '0000-00-00 00:00:00'),
(94, 213, 1, '2017-08-29 16:32:23', '0000-00-00 00:00:00'),
(94, 278, 1, '2017-08-29 16:32:23', '0000-00-00 00:00:00'),
(95, 225, 1, '2017-08-29 16:32:23', '0000-00-00 00:00:00'),
(95, 270, 1, '2017-08-29 16:32:23', '0000-00-00 00:00:00'),
(96, 155, 1, '2017-08-29 16:32:23', '0000-00-00 00:00:00'),
(96, 475, 1, '2017-08-29 16:32:23', '0000-00-00 00:00:00'),
(97, 156, 1, '2017-08-29 16:32:23', '0000-00-00 00:00:00'),
(97, 474, 1, '2017-08-29 16:32:23', '0000-00-00 00:00:00'),
(97, 486, 1, '2017-08-29 16:32:23', '0000-00-00 00:00:00'),
(98, 467, 1, '2017-08-29 16:32:23', '0000-00-00 00:00:00'),
(98, 525, 1, '2017-08-29 16:32:23', '0000-00-00 00:00:00'),
(98, 646, 1, '2017-08-29 16:32:23', '0000-00-00 00:00:00'),
(98, 662, 1, '2017-08-29 16:32:23', '0000-00-00 00:00:00'),
(99, 464, 1, '2017-08-29 16:32:23', '0000-00-00 00:00:00'),
(99, 500, 1, '2017-08-29 16:32:23', '0000-00-00 00:00:00'),
(99, 565, 1, '2017-08-29 16:32:23', '0000-00-00 00:00:00'),
(100, 453, 1, '2017-08-29 16:32:22', '0000-00-00 00:00:00'),
(100, 501, 1, '2017-08-29 16:32:22', '0000-00-00 00:00:00'),
(101, 154, 1, '2017-08-29 16:32:22', '0000-00-00 00:00:00'),
(101, 447, 1, '2017-08-29 16:32:22', '0000-00-00 00:00:00'),
(101, 502, 1, '2017-08-29 16:32:22', '0000-00-00 00:00:00'),
(102, 435, 1, '2017-08-29 16:32:22', '0000-00-00 00:00:00'),
(102, 506, 1, '2017-08-29 16:32:22', '0000-00-00 00:00:00'),
(102, 586, 1, '2017-08-29 16:32:22', '0000-00-00 00:00:00'),
(103, 431, 1, '2017-08-29 16:32:22', '0000-00-00 00:00:00'),
(103, 517, 1, '2017-08-29 16:32:22', '0000-00-00 00:00:00'),
(103, 632, 1, '2017-08-29 16:32:22', '0000-00-00 00:00:00'),
(103, 654, 1, '2017-08-29 16:32:22', '0000-00-00 00:00:00'),
(104, 423, 1, '2017-08-29 16:32:22', '0000-00-00 00:00:00'),
(104, 630, 1, '2017-08-29 16:32:22', '0000-00-00 00:00:00'),
(104, 631, 1, '2017-08-29 16:32:22', '0000-00-00 00:00:00'),
(104, 636, 1, '2017-08-29 16:32:22', '0000-00-00 00:00:00'),
(104, 648, 1, '2017-08-29 16:32:22', '0000-00-00 00:00:00'),
(105, 418, 1, '2017-08-29 16:32:22', '0000-00-00 00:00:00'),
(105, 511, 1, '2017-08-29 16:32:22', '0000-00-00 00:00:00'),
(105, 605, 1, '2017-08-29 16:32:22', '0000-00-00 00:00:00'),
(106, 415, 1, '2017-08-29 16:32:22', '0000-00-00 00:00:00'),
(106, 487, 1, '2017-08-29 16:32:22', '0000-00-00 00:00:00'),
(106, 529, 1, '2017-08-29 16:32:22', '0000-00-00 00:00:00'),
(107, 200, 1, '2017-08-29 16:32:22', '0000-00-00 00:00:00'),
(107, 505, 1, '2017-08-29 16:32:22', '0000-00-00 00:00:00'),
(107, 615, 1, '2017-08-29 16:32:22', '0000-00-00 00:00:00'),
(108, 198, 1, '2017-08-29 16:32:22', '0000-00-00 00:00:00'),
(108, 498, 1, '2017-08-29 16:32:22', '0000-00-00 00:00:00'),
(108, 532, 1, '2017-08-29 16:32:22', '0000-00-00 00:00:00'),
(109, 194, 1, '2017-08-29 16:32:22', '0000-00-00 00:00:00'),
(109, 491, 1, '2017-08-29 16:32:22', '0000-00-00 00:00:00'),
(109, 611, 1, '2017-08-29 16:32:22', '0000-00-00 00:00:00'),
(110, 185, 1, '2017-08-29 16:32:22', '0000-00-00 00:00:00'),
(110, 507, 1, '2017-08-29 16:32:22', '0000-00-00 00:00:00'),
(110, 545, 1, '2017-08-29 16:32:22', '0000-00-00 00:00:00'),
(111, 184, 1, '2017-08-29 16:32:22', '0000-00-00 00:00:00'),
(111, 619, 1, '2017-08-29 16:32:22', '0000-00-00 00:00:00'),
(112, 178, 1, '2017-08-29 16:32:22', '0000-00-00 00:00:00'),
(112, 610, 1, '2017-08-29 16:32:22', '0000-00-00 00:00:00'),
(112, 629, 1, '2017-08-29 16:32:22', '0000-00-00 00:00:00');

--
-- Constraints for dumped tables
--

--
-- Constraints for table `administrator_has_prosecution`
--
ALTER TABLE `administrator_has_prosecution`
  ADD CONSTRAINT `fk_administrator_has_prosecution_administrator1` FOREIGN KEY (`administratorid`) REFERENCES `administrator` (`administratorid`) ON DELETE CASCADE ON UPDATE CASCADE,
  ADD CONSTRAINT `fk_administrator_has_prosecution_prosecution1` FOREIGN KEY (`prosecutionid`) REFERENCES `prosecution` (`prosecutionid`) ON DELETE CASCADE ON UPDATE CASCADE;

--
-- Constraints for table `hardware`
--
ALTER TABLE `hardware`
  ADD CONSTRAINT `fk_hardware_category1` FOREIGN KEY (`categoryid`) REFERENCES `category` (`categoryid`) ON DELETE CASCADE ON UPDATE CASCADE,
  ADD CONSTRAINT `fk_hardware_prosecution1` FOREIGN KEY (`prosecutionid`) REFERENCES `prosecution` (`prosecutionid`) ON DELETE CASCADE ON UPDATE CASCADE;

--
-- Constraints for table `user`
--
ALTER TABLE `user`
  ADD CONSTRAINT `fk_user_job1` FOREIGN KEY (`jobid`) REFERENCES `job` (`jobid`) ON DELETE CASCADE ON UPDATE CASCADE,
  ADD CONSTRAINT `fk_user_prosecution` FOREIGN KEY (`prosecutionid`) REFERENCES `prosecution` (`prosecutionid`) ON DELETE CASCADE ON UPDATE CASCADE;

--
-- Constraints for table `user_has_hardware`
--
ALTER TABLE `user_has_hardware`
  ADD CONSTRAINT `fk_user_has_hardware_hardware1` FOREIGN KEY (`hardwareid`) REFERENCES `hardware` (`hardwareid`) ON DELETE CASCADE ON UPDATE CASCADE,
  ADD CONSTRAINT `fk_user_has_hardware_user1` FOREIGN KEY (`userid`) REFERENCES `user` (`userid`) ON DELETE CASCADE ON UPDATE CASCADE;

/*!40101 SET CHARACTER_SET_CLIENT=@OLD_CHARACTER_SET_CLIENT */;
/*!40101 SET CHARACTER_SET_RESULTS=@OLD_CHARACTER_SET_RESULTS */;
/*!40101 SET COLLATION_CONNECTION=@OLD_COLLATION_CONNECTION */;
